ability_band,sex,course,is_major,ability_lo_min,n,finish_p10_min,finish_p50_min,finish_p90_min,mean_positive_split,mean_split_ratio,htw_rate,mean_severity,severity_none_rate,severity_mild_rate,severity_moderate_rate,severity_severe_rate,pace_first_half_p10,pace_first_half_p25,pace_first_half_p50,pace_first_half_p75,pace_first_half_p90,base_pace_p10,base_pace_p25,base_pace_p50,base_pace_p75,base_pace_p90,recommended_first_half_lo,recommended_first_half_hi,recommended_base_pace_lo,recommended_base_pace_hi
a120,F,Amsterdam,False,120,76,139.44166564941406,143.68333435058594,148.92498779296875,0.029214464128017426,1.0292143821716309,0.0,0.03499288484454155,0.9342105263157895,0.06578947368421052,0.0,0.0,3.272083282470703,3.2958333492279053,3.3375000953674316,3.3960418701171875,3.4841666221618652,3.264444351196289,3.3088889122009277,3.3333332538604736,3.3988888263702393,3.5,3.2958333492279053,3.3960418701171875,3.3088889122009277,3.3988888263702393
a120,F,Berlin,True,120,159,140.3766632080078,144.93333435058594,149.2566680908203,0.03068634867668152,1.0306862592697144,0.012578616352201259,0.03451767936348915,0.9685534591194969,0.025157232704402517,0.0,0.006289308176100629,3.2773332595825195,3.3029165267944336,3.362499952316284,3.4541666507720947,3.497499942779541,3.2799999713897705,3.2966666221618652,3.366666555404663,3.457777738571167,3.497999906539917,3.3029165267944336,3.4541666507720947,3.2966666221618652,3.457777738571167
a120,F,Boston,True,120,95,141.0433349609375,144.71665954589844,148.68333435058594,0.02707558125257492,1.0270756483078003,0.0,0.03778786212205887,0.9473684210526315,0.05263157894736842,0.0,0.0,3.2941665649414062,3.351250171661377,3.388333320617676,3.435833215713501,3.4546666145324707,3.2655556201934814,3.3188889026641846,3.3755555152893066,3.4394445419311523,3.4733333587646484,3.351250171661377,3.435833215713501,3.3188889026641846,3.4394445419311523
a120,F,Chicago,True,120,38,131.29833984375,143.49166870117188,149.4216766357422,0.05408158525824547,1.054081678390503,0.02631578947368421,0.05236862599849701,0.9210526315789473,0.05263157894736842,0.02631578947368421,0.0,2.959416627883911,3.2004168033599854,3.3270833492279053,3.4191665649414062,3.4608335494995117,2.9236667156219482,3.2088890075683594,3.342777729034424,3.418888807296753,3.4743332862854004,3.2004168033599854,3.4191665649414062,3.2088890075683594,3.418888807296753
a120,F,London,True,120,72,136.65333557128906,141.60833740234375,147.94833374023438,0.029965348541736603,1.0299652814865112,0.0,0.03290903568267822,0.9583333333333334,0.041666666666666664,0.0,0.0,3.179166555404663,3.248333215713501,3.3154168128967285,3.411041736602783,3.4440832138061523,3.190000057220459,3.2497222423553467,3.3333334922790527,3.418888807296753,3.4608888626098633,3.248333215713501,3.411041736602783,3.2497222423553467,3.418888807296753
a120,F,New York,True,120,66,142.8416748046875,146.64166259765625,149.60000610351562,0.011803500354290009,1.0118035078048706,0.0,0.027921319007873535,0.9696969696969697,0.030303030303030304,0.0,0.0,3.3754167556762695,3.4077084064483643,3.449166774749756,3.505000114440918,3.517083168029785,3.358333110809326,3.396111011505127,3.415555477142334,3.4533333778381348,3.529444456100464,3.4077084064483643,3.505000114440918,3.396111011505127,3.4533333778381348
a120,F,Rotterdam,False,120,55,142.34666442871094,146.64999389648438,149.4933319091797,0.03436797112226486,1.0343679189682007,0.01818181818181818,0.03632519394159317,0.9636363636363636,0.03636363636363636,0.0,0.0,3.257833242416382,3.363333225250244,3.4183332920074463,3.46875,3.497499942779541,3.2582221031188965,3.367222309112549,3.4100000858306885,3.4766666889190674,3.505777597427368,3.363333225250244,3.46875,3.367222309112549,3.4766666889190674
a120,M,Amsterdam,False,120,616,126.54167175292969,142.77499389648438,149.7833251953125,0.029820429161190987,1.029820442199707,0.022727272727272728,0.033833809196949005,0.9301948051948052,0.06655844155844155,0.0016233766233766235,0.0016233766233766235,2.967916488647461,3.0241665840148926,3.319999933242798,3.4758334159851074,3.5408332347869873,2.9700000286102295,3.021111011505127,3.323333263397217,3.478055477142334,3.5411109924316406,3.0241665840148926,3.4758334159851074,3.021111011505127,3.478055477142334
a120,M,Barcelona,False,120,243,127.98332977294922,144.89999389648438,149.51333618164062,0.02573753520846367,1.0257375240325928,0.0205761316872428,0.029901525005698204,0.9629629629629629,0.03292181069958848,0.00411522633744856,0.0,3.003333330154419,3.222083330154419,3.3908333778381348,3.4708333015441895,3.5198333263397217,3.009999990463257,3.2249999046325684,3.387777805328369,3.4711110591888428,3.5142221450805664,3.222083330154419,3.4708333015441895,3.2249999046325684,3.4711110591888428
a120,M,Berlin,True,120,1905,132.26666259765625,145.5833282470703,150.5433349609375,0.03753826394677162,1.0375382900238037,0.04251968503937008,0.03976770490407944,0.9091863517060368,0.08556430446194226,0.004724409448818898,0.0005249343832020997,3.0399999618530273,3.2100000381469727,3.384166717529297,3.488333225250244,3.5399999618530273,3.0411109924316406,3.214444398880005,3.387777805328369,3.4911110401153564,3.5411109924316406,3.2100000381469727,3.488333225250244,3.214444398880005,3.4911110401153564
a120,M,Boston,True,120,1082,133.05999755859375,147.64166259765625,158.62832641601562,0.047495268285274506,1.0474952459335327,0.04066543438077634,0.047581277787685394,0.9001848428835489,0.08687615526802218,0.009242144177449169,0.0036968576709796672,3.050833225250244,3.302708387374878,3.430833339691162,3.520624876022339,3.627333402633667,3.0778889656066895,3.31333327293396,3.4377777576446533,3.5222222805023193,3.640000104904175,3.302708387374878,3.520624876022339,3.31333327293396,3.5222222805023193
a120,M,Chicago,True,120,354,130.7083282470703,146.75,154.0050048828125,0.04403473064303398,1.044034719467163,0.05649717514124294,0.04634065181016922,0.8898305084745762,0.1016949152542373,0.00847457627118644,0.0,3.0374999046325684,3.2595834732055664,3.397083282470703,3.4931249618530273,3.558666706085205,3.048888921737671,3.25944447517395,3.3983333110809326,3.48972225189209,3.5604445934295654,3.2595834732055664,3.4931249618530273,3.25944447517395,3.48972225189209
a120,M,Copenhagen,False,120,297,132.50999450683594,145.6999969482422,158.0066680908203,0.04473196342587471,1.0447319746017456,0.05387205387205387,0.047541454434394836,0.8821548821548821,0.10437710437710437,0.013468013468013467,0.0,3.073333263397217,3.1600000858306885,3.387500047683716,3.494166612625122,3.5828332901000977,3.0711112022399902,3.165555477142334,3.3888888359069824,3.4944443702697754,3.592888832092285,3.1600000858306885,3.494166612625122,3.165555477142334,3.4944443702697754
a120,M,Dubai,False,120,71,125.26667022705078,129.8000030517578,145.85000610351562,0.05404431372880936,1.0540441274642944,0.08450704225352113,0.054198939353227615,0.8450704225352113,0.15492957746478872,0.0,0.0,2.9233334064483643,2.9262499809265137,2.9741666316986084,3.133333206176758,3.3350000381469727,2.9211111068725586,2.922222137451172,2.9844443798065186,3.1533331871032715,3.3288888931274414,2.9262499809265137,3.133333206176758,2.922222137451172,3.1533331871032715
a120,M,Eindhoven,False,120,332,128.0,141.45001220703125,148.92832946777344,0.04245482012629509,1.0424548387527466,0.030120481927710843,0.044355858117341995,0.8975903614457831,0.09939759036144578,0.0030120481927710845,0.0,2.9841666221618652,3.002500057220459,3.2958333492279053,3.425833225250244,3.498333215713501,2.9844443798065186,3.006666660308838,3.30055570602417,3.430555582046509,3.50766658782959,3.002500057220459,3.425833225250244,3.006666660308838,3.430555582046509
a120,M,Gold Coast,False,120,241,131.01666259765625,144.5,153.89999389648438,0.05512136593461037,1.0551213026046753,0.06224066390041494,0.05710705742239952,0.8423236514522822,0.14522821576763487,0.008298755186721992,0.004149377593360996,3.049999952316284,3.1050000190734863,3.302500009536743,3.441666603088379,3.5391666889190674,3.0611112117767334,3.11555552482605,3.3011112213134766,3.43666672706604,3.5644445419311523,3.1050000190734863,3.441666603088379,3.11555552482605,3.43666672706604
a120,M,Hamburg,False,120,51,129.98333740234375,136.9166717529297,145.46665954589844,0.0578165277838707,1.057816505432129,0.11764705882352941,0.06284783035516739,0.8627450980392157,0.11764705882352941,0.0196078431372549,0.0,3.006666660308838,3.032083511352539,3.131666660308838,3.240833282470703,3.37416672706604,2.9977777004241943,3.0183334350585938,3.1255555152893066,3.2266666889190674,3.3511111736297607,3.032083511352539,3.240833282470703,3.0183334350585938,3.2266666889190674
a120,M,London,True,120,1503,137.60333251953125,148.13333129882812,160.1300048828125,0.04480598866939545,1.0448060035705566,0.0552228875582169,0.04421699047088623,0.8995342648037259,0.08050565535595476,0.015968063872255488,0.003992015968063872,3.19433331489563,3.3375000953674316,3.449166774749756,3.5274999141693115,3.698333501815796,3.2068889141082764,3.347222328186035,3.4600000381469727,3.538888931274414,3.7100000381469727,3.3375000953674316,3.5274999141693115,3.347222328186035,3.538888931274414
a120,M,Madrid,False,120,126,129.64999389648438,133.9583282470703,148.625,0.05476314574480057,1.0547630786895752,0.05555555555555555,0.07073353230953217,0.7380952380952381,0.2619047619047619,0.0,0.0,3.0183334350585938,3.0450000762939453,3.0875000953674316,3.143958330154419,3.4683332443237305,2.9938888549804688,3.0158333778381348,3.06166672706604,3.1355555057525635,3.4549999237060547,3.0450000762939453,3.143958330154419,3.0158333778381348,3.1355555057525635
a120,M,New York,True,120,399,130.94000244140625,145.3333282470703,150.84666442871094,0.04540897160768509,1.0454089641571045,0.05263157894736842,0.0518941767513752,0.8922305764411027,0.09273182957393483,0.007518796992481203,0.007518796992481203,3.066666603088379,3.119999885559082,3.3483333587646484,3.4741666316986084,3.552500009536743,3.069777727127075,3.1127777099609375,3.342222213745117,3.466111183166504,3.5446667671203613,3.119999885559082,3.4741666316986084,3.1127777099609375,3.466111183166504
a120,M,Paris,False,120,109,127.92666625976562,146.4499969482422,149.32666015625,0.0283464714884758,1.0283465385437012,0.009174311926605505,0.03020515665411949,0.9541284403669725,0.045871559633027525,0.0,0.0,2.952500104904175,3.2716667652130127,3.4158332347869873,3.494166612625122,3.5233333110809326,2.967777729034424,3.31333327293396,3.4277777671813965,3.4911110401153564,3.5195555686950684,3.2716667652130127,3.494166612625122,3.31333327293396,3.4911110401153564
a120,M,Prague,False,120,32,128.2616729736328,136.99166870117188,147.77000427246094,0.04157782346010208,1.0415778160095215,0.0,0.04180504009127617,0.875,0.125,0.0,0.0,2.990833282470703,2.991666555404663,3.0783333778381348,3.310833215713501,3.43916654586792,2.9877777099609375,2.992222309112549,3.087222099304199,3.3069443702697754,3.4375555515289307,2.991666555404663,3.310833215713501,2.992222309112549,3.3069443702697754
a120,M,Rotterdam,False,120,706,129.56666564941406,142.86666870117188,150.3000030517578,0.04468683525919914,1.0446867942810059,0.04107648725212465,0.04488781467080116,0.9093484419263456,0.08781869688385269,0.0028328611898017,0.0,2.9825000762939453,3.1424999237060547,3.3029165267944336,3.449791669845581,3.5258333683013916,2.986666679382324,3.1372222900390625,3.306666612625122,3.450000047683716,3.527222156524658,3.1424999237060547,3.449791669845581,3.1372222900390625,3.450000047683716
a120,M,Tokyo,True,120,226,128.52499389648438,141.61666870117188,148.9083251953125,0.04403642937541008,1.0440365076065063,0.01327433628318584,0.04458364471793175,0.8982300884955752,0.09734513274336283,0.004424778761061947,0.0,2.9791667461395264,3.0816667079925537,3.258333206176758,3.3949999809265137,3.480416774749756,2.9844443798065186,3.086944341659546,3.259999990463257,3.404444456100464,3.4811110496520996,3.0816667079925537,3.3949999809265137,3.086944341659546,3.404444456100464
a120,M,Valencia,False,120,1647,132.3000030517578,145.68333435058594,149.68333435058594,0.026145081967115402,1.026145100593567,0.022465088038858532,0.02950962632894516,0.9574984820886461,0.03946569520340012,0.0012143290831815423,0.0018214936247723133,3.068333387374878,3.261666774749756,3.4008333683013916,3.4841666221618652,3.5341665744781494,3.0695555210113525,3.264444351196289,3.402222156524658,3.478888988494873,3.527111053466797,3.261666774749756,3.4841666221618652,3.264444351196289,3.478888988494873
a120,M,Warsaw,False,120,68,129.99000549316406,135.89999389648438,149.163330078125,0.04794140160083771,1.0479413270950317,0.04411764705882353,0.053472667932510376,0.8970588235294118,0.08823529411764706,0.014705882352941176,0.0,3.009166717529297,3.057499885559082,3.1254167556762695,3.3672916889190674,3.5100834369659424,3.0085556507110596,3.0222222805023193,3.118333339691162,3.3441667556762695,3.5136666297912598,3.057499885559082,3.3672916889190674,3.0222222805023193,3.3441667556762695
a120,M,Washington,False,120,88,143.74166870117188,147.97500610351562,158.24000549316406,0.03891369327902794,1.0389137268066406,0.045454545454545456,0.0535496361553669,0.8863636363636364,0.09090909090909091,0.022727272727272728,0.0,3.3667500019073486,3.4089581966400146,3.451666831970215,3.5252082347869873,3.688499927520752,3.323777914047241,3.3777778148651123,3.4261112213134766,3.5072221755981445,3.6838889122009277,3.4089581966400146,3.5252082347869873,3.3777778148651123,3.5072221755981445
a150,F,Amsterdam,False,150,358,158.91000366210938,174.18333435058594,179.3333282470703,0.023383866995573044,1.0233839750289917,0.01675977653631285,0.02913154847919941,0.946927374301676,0.04748603351955307,0.00558659217877095,0.0,3.6865832805633545,3.9016666412353516,4.09083366394043,4.202083110809326,4.2469162940979,3.6911110877990723,3.9038889408111572,4.087222099304199,4.191944122314453,4.240333080291748,3.9016666412353516,4.202083110809326,3.9038889408111572,4.191944122314453
a150,F,Barcelona,False,150,154,160.93167114257812,175.49166870117188,179.0850067138672,0.014161407016217709,1.0141613483428955,0.01948051948051948,0.025769943371415138,0.9675324675324676,0.025974025974025976,0.006493506493506494,0.0,3.7996666431427,3.9541666507720947,4.112500190734863,4.225416660308838,4.260000228881836,3.7896666526794434,3.946666717529297,4.071666717529297,4.195833206176758,4.234111309051514,3.9541666507720947,4.225416660308838,3.946666717529297,4.195833206176758
a150,F,Berlin,True,150,1636,159.875,175.36666870117188,181.9083251953125,0.0294948797672987,1.0294948816299438,0.022616136919315404,0.03340332582592964,0.9382640586797066,0.055623471882640586,0.003667481662591687,0.0024449877750611247,3.7283332347869873,3.9347915649414062,4.097499847412109,4.205833435058594,4.2758331298828125,3.740000009536743,3.9363889694213867,4.0966668128967285,4.2047224044799805,4.273333549499512,3.9347915649414062,4.205833435058594,3.9363889694213867,4.2047224044799805
a150,F,Boston,True,150,1964,165.63833618164062,176.96665954589844,189.2949981689453,0.034267671406269073,1.034267544746399,0.026476578411405296,0.039145201444625854,0.9164969450101833,0.07841140529531568,0.0050916496945010185,0.0,3.8496665954589844,4.014166831970215,4.137499809265137,4.2216668128967285,4.370083332061768,3.8517777919769287,4.018610954284668,4.135555744171143,4.217777729034424,4.361222267150879,4.014166831970215,4.2216668128967285,4.018610954284668,4.217777729034424
a150,F,Chicago,True,150,667,164.2433319091797,175.9166717529297,183.09666442871094,0.030522679910063744,1.0305227041244507,0.03298350824587706,0.03515778109431267,0.9325337331334332,0.05697151424287856,0.004497751124437781,0.005997001499250375,3.8331668376922607,3.978749990463257,4.115833282470703,4.212500095367432,4.286499977111816,3.829777956008911,3.9844446182250977,4.113333225250244,4.211111068725586,4.281555652618408,3.978749990463257,4.212500095367432,3.9844446182250977,4.211111068725586
a150,F,Copenhagen,False,150,276,157.43333435058594,174.1583251953125,191.00833129882812,0.03978932648897171,1.0397894382476807,0.028985507246376812,0.04224605858325958,0.8985507246376812,0.09420289855072464,0.007246376811594203,0.0,3.5999999046325684,3.8522915840148926,4.045416831970215,4.219583511352539,4.477916717529297,3.6061110496520996,3.865833282470703,4.059999942779541,4.223888874053955,4.465000152587891,3.8522915840148926,4.219583511352539,3.865833282470703,4.223888874053955
a150,F,Eindhoven,False,150,159,156.61666870117188,173.68333435058594,179.79000854492188,0.026788294315338135,1.0267882347106934,0.012578616352201259,0.028510088101029396,0.949685534591195,0.050314465408805034,0.0,0.0,3.6470000743865967,3.853749990463257,4.068333148956299,4.206250190734863,4.231833457946777,3.6657776832580566,3.8561110496520996,4.073333263397217,4.206666469573975,4.236888885498047,3.853749990463257,4.206250190734863,3.8561110496520996,4.206666469573975
a150,F,Gold Coast,False,150,218,158.27667236328125,174.4083251953125,182.22500610351562,0.05177554860711098,1.051775574684143,0.05045871559633028,0.05146247521042824,0.8669724770642202,0.12385321100917432,0.0045871559633027525,0.0045871559633027525,3.662083387374878,3.8039584159851074,4.015833377838135,4.167916297912598,4.240916728973389,3.664555549621582,3.825833320617676,4.039999961853027,4.1777777671813965,4.237222194671631,3.8039584159851074,4.167916297912598,3.825833320617676,4.1777777671813965
a150,F,London,True,150,1657,165.47666931152344,177.14999389648438,192.33999633789062,0.042824886739254,1.0428248643875122,0.0356065178032589,0.042050231248140335,0.9112854556427278,0.07845503922751962,0.007845503922751962,0.0024140012070006035,3.8333332538604736,3.9766666889190674,4.125833511352539,4.230833530426025,4.430833339691162,3.851555585861206,3.992222309112549,4.141110897064209,4.248888969421387,4.458222389221191,3.9766666889190674,4.230833530426025,3.992222309112549,4.248888969421387
a150,F,Madrid,False,150,56,152.80833435058594,158.86666870117188,178.26666259765625,0.06974255293607712,1.0697425603866577,0.125,0.08326113224029541,0.6964285714285714,0.2857142857142857,0.017857142857142856,0.0,3.487499952316284,3.5450000762939453,3.6404166221618652,3.971874952316284,4.193750381469727,3.4711110591888428,3.5183331966400146,3.6027777194976807,3.9597222805023193,4.170555591583252,3.5450000762939453,3.971874952316284,3.5183331966400146,3.9597222805023193
a150,F,New York,True,150,804,164.6666717529297,176.1750030517578,187.4683380126953,0.04430125653743744,1.0443012714385986,0.03855721393034826,0.04796586558222771,0.8880597014925373,0.10074626865671642,0.008706467661691543,0.0024875621890547263,3.8127498626708984,3.9649999141693115,4.094583511352539,4.193333148956299,4.2791666984558105,3.821444511413574,3.968888998031616,4.092222213745117,4.190278053283691,4.288888931274414,3.9649999141693115,4.193333148956299,3.968888998031616,4.190278053283691
a150,F,Paris,False,150,65,166.72000122070312,174.6999969482422,179.06666564941406,0.03192939609289169,1.03192937374115,0.046153846153846156,0.03554433211684227,0.9692307692307692,0.03076923076923077,0.0,0.0,3.8904998302459717,3.9191665649414062,4.083333492279053,4.180833339691162,4.2213335037231445,3.8982222080230713,3.9422221183776855,4.076666831970215,4.172222137451172,4.228000164031982,3.9191665649414062,4.180833339691162,3.9422221183776855,4.172222137451172
a150,F,Rotterdam,False,150,385,155.36334228515625,171.1666717529297,179.663330078125,0.04414166882634163,1.0441417694091797,0.033766233766233764,0.04397814720869064,0.8883116883116883,0.10909090909090909,0.0025974025974025974,0.0,3.5861666202545166,3.744166612625122,3.9666666984558105,4.134166717529297,4.2208333015441895,3.590222120285034,3.7555556297302246,3.975555658340454,4.143333435058594,4.221111297607422,3.744166612625122,4.134166717529297,3.7555556297302246,4.143333435058594
a150,F,Valencia,False,150,67,156.92999267578125,169.88333129882812,178.22000122070312,0.02238960564136505,1.022389531135559,0.029850746268656716,0.03259950131177902,0.9552238805970149,0.04477611940298507,0.0,0.0,3.631333351135254,3.757500171661377,3.9658334255218506,4.143333435058594,4.225500106811523,3.631999969482422,3.7561111450195312,3.961111068725586,4.113888740539551,4.211999893188477,3.757500171661377,4.143333435058594,3.7561111450195312,4.113888740539551
a150,F,Warsaw,False,150,45,152.34666442871094,161.81666564941406,178.13333129882812,0.042647719383239746,1.0426478385925293,0.022222222222222223,0.04620959982275963,0.8888888888888888,0.1111111111111111,0.0,0.0,3.507833242416382,3.5458333492279053,3.7191667556762695,4.121666431427002,4.246833324432373,3.490888833999634,3.5477778911590576,3.7411110401153564,4.112222194671631,4.232222080230713,3.5458333492279053,4.121666431427002,3.5477778911590576,4.112222194671631
a150,F,Washington,False,150,129,169.77000427246094,177.06666564941406,189.6366729736328,0.03384564444422722,1.0338456630706787,0.03875968992248062,0.045078862458467484,0.9069767441860465,0.09302325581395349,0.0,0.0,3.9235000610351562,4.0258331298828125,4.124166488647461,4.249166488647461,4.4070000648498535,3.909777879714966,4.0088887214660645,4.10444450378418,4.221111297607422,4.382444381713867,4.0258331298828125,4.249166488647461,4.0088887214660645,4.221111297607422
a150,M,Amsterdam,False,150,8806,160.81666564941406,174.9499969482422,181.89166259765625,0.033495936542749405,1.0334959030151367,0.05359981830570066,0.04065122455358505,0.8972291619350443,0.09289121053826936,0.008516920281626164,0.0013627072450601862,3.745833396911621,3.9124999046325684,4.077499866485596,4.204166889190674,4.264999866485596,3.742222309112549,3.9033334255218506,4.065555572509766,4.1922221183776855,4.257777690887451,3.9124999046325684,4.204166889190674,3.9033334255218506,4.1922221183776855
a150,M,Auckland,False,150,110,165.91000366210938,175.85000610351562,193.60333251953125,0.05263945460319519,1.052639365196228,0.08181818181818182,0.061051271855831146,0.8454545454545455,0.15454545454545454,0.0,0.0,3.8316667079925537,3.9220833778381348,4.058750152587891,4.220417022705078,4.276750087738037,3.8037779331207275,3.9144444465637207,4.038888931274414,4.217499732971191,4.275555610656738,3.9220833778381348,4.220417022705078,3.9144444465637207,4.217499732971191
a150,M,Austin,False,150,105,162.9166717529297,177.56666564941406,187.92999267578125,0.03537643700838089,1.0353764295578003,0.05714285714285714,0.044627632945775986,0.8666666666666667,0.12380952380952381,0.009523809523809525,0.0,3.75683331489563,3.930000066757202,4.166666507720947,4.244999885559082,4.375999927520752,3.7613332271575928,3.9455554485321045,4.151111125946045,4.218888759613037,4.299555778503418,3.930000066757202,4.244999885559082,3.9455554485321045,4.218888759613037
a150,M,Barcelona,False,150,4258,159.32333374023438,172.64166259765625,179.1666717529297,0.02103542722761631,1.0210355520248413,0.02888680131517144,0.03271513804793358,0.9342414279004227,0.06223579145138563,0.0028182245185533112,0.0007045561296383278,3.7216665744781494,3.883333444595337,4.026666641235352,4.183333396911621,4.245833396911621,3.7033333778381348,3.858888864517212,3.9977777004241943,4.148889064788818,4.214444637298584,3.883333444595337,4.183333396911621,3.858888864517212,4.148889064788818
a150,M,Berlin,True,150,31513,159.61666870117188,174.75,186.6800079345703,0.041613999754190445,1.041614055633545,0.06124456573477612,0.045596592128276825,0.8770666074318535,0.10992288896645828,0.010884396915558658,0.002126106686129534,3.7076666355133057,3.869999885559082,4.048333168029785,4.196666717529297,4.2816667556762695,3.711111068725586,3.8722221851348877,4.046666622161865,4.193333148956299,4.275555610656738,3.869999885559082,4.196666717529297,3.8722221851348877,4.193333148956299
a150,M,Boston,True,150,20480,159.13333129882812,172.78334045410156,182.60166931152344,0.05615722015500069,1.056157112121582,0.07734375,0.05876821279525757,0.83056640625,0.14833984375,0.017041015625,0.004052734375,3.674166679382324,3.821666717529297,3.9858334064483643,4.127500057220459,4.223333358764648,3.676666736602783,3.82194447517395,3.986666679382324,4.128889083862305,4.222222328186035,3.821666717529297,4.127500057220459,3.82194447517395,4.128889083862305
a150,M,Chicago,True,150,6817,159.3766632080078,172.60000610351562,179.71665954589844,0.04472119361162186,1.0447211265563965,0.07613319642071292,0.04903677478432655,0.8685638844066305,0.11794044301012176,0.00982837025084348,0.0036673023324042832,3.68833327293396,3.8383333683013916,4.0,4.140833377838135,4.228333473205566,3.68666672706604,3.834444522857666,3.9955556392669678,4.137777805328369,4.225555419921875,3.8383333683013916,4.140833377838135,3.834444522857666,4.137777805328369
a150,M,Copenhagen,False,150,5614,163.0050048828125,177.13333129882812,200.92999267578125,0.048161935061216354,1.0481618642807007,0.09779123619522621,0.05245606228709221,0.8363021018881368,0.141254007837549,0.015853224082650517,0.006590666191663698,3.7674999237060547,3.945833444595337,4.1304168701171875,4.250833511352539,4.58650016784668,3.7666666507720947,3.9455554485321045,4.130000114440918,4.255555629730225,4.581110954284668,3.945833444595337,4.250833511352539,3.9455554485321045,4.255555629730225
a150,M,Dubai,False,150,126,157.14999389648438,172.76666259765625,178.80833435058594,0.05408121645450592,1.0540812015533447,0.10317460317460317,0.05741465464234352,0.8571428571428571,0.11904761904761904,0.023809523809523808,0.0,3.5679168701171875,3.8031251430511475,3.985833168029785,4.104374885559082,4.195833206176758,3.5833332538604736,3.8280556201934814,3.9833333492279053,4.109722137451172,4.185555458068848,3.8031251430511475,4.104374885559082,3.8280556201934814,4.109722137451172
a150,M,Eindhoven,False,150,2569,158.8800048828125,174.4166717529297,185.01666259765625,0.046114638447761536,1.0461146831512451,0.06617360840794083,0.04807894304394722,0.8672635266640716,0.11989100817438691,0.010509926041261192,0.0023355391202802647,3.6733334064483643,3.8566665649414062,4.019999980926514,4.1875,4.246666431427002,3.6855554580688477,3.86555552482605,4.027777671813965,4.1922221183776855,4.257777690887451,3.8566665649414062,4.1875,3.86555552482605,4.1922221183776855
a150,M,Gold Coast,False,150,2331,160.23333740234375,175.39999389648438,190.10000610351562,0.04717724397778511,1.0471773147583008,0.09867009867009867,0.05243033543229103,0.8584298584298584,0.12097812097812098,0.01673101673101673,0.003861003861003861,3.7216665744781494,3.890000104904175,4.068333148956299,4.208749771118164,4.306666851043701,3.725555658340454,3.891111135482788,4.0688886642456055,4.212222099304199,4.289999961853027,3.890000104904175,4.208749771118164,3.891111135482788,4.212222099304199
a150,M,Hamburg,False,150,344,158.27166748046875,175.19166564941406,179.4566650390625,0.02960054762661457,1.0296006202697754,0.023255813953488372,0.03546258434653282,0.9302325581395349,0.06976744186046512,0.0,0.0,3.635166645050049,3.9512500762939453,4.094583511352539,4.178541660308838,4.235833168029785,3.6355555057525635,3.938333511352539,4.085555553436279,4.164444446563721,4.220777988433838,3.9512500762939453,4.178541660308838,3.938333511352539,4.164444446563721
a150,M,Helsinki,False,150,143,165.1300048828125,179.01666259765625,200.3400115966797,0.09106337279081345,1.091063380241394,0.13986013986013987,0.09194954484701157,0.6223776223776224,0.32867132867132864,0.04195804195804196,0.006993006993006993,3.7826666831970215,3.9304165840148926,4.110000133514404,4.231666564941406,4.442833423614502,3.7986667156219482,3.9338889122009277,4.113333225250244,4.238888740539551,4.444889068603516,3.9304165840148926,4.231666564941406,3.9338889122009277,4.238888740539551
a150,M,London,True,150,16414,157.6999969482422,172.5416717529297,190.0783233642578,0.05275436490774155,1.0527544021606445,0.07901791153893019,0.05293424427509308,0.8517119532106738,0.12666016814914097,0.01638844888509809,0.005239429755087121,3.6566667556762695,3.7983334064483643,3.990833282470703,4.163333415985107,4.292500019073486,3.6666667461395264,3.8077778816223145,4.001111030578613,4.1777777671813965,4.309999942779541,3.7983334064483643,4.163333415985107,3.8077778816223145,4.1777777671813965
a150,M,Madrid,False,150,3444,165.38333129882812,175.9166717529297,182.64498901367188,0.05103142559528351,1.0510313510894775,0.06533101045296168,0.06522966176271439,0.835075493612079,0.15534262485481998,0.008130081300813009,0.0014518002322880372,3.797999858856201,3.930000066757202,4.059999942779541,4.175833225250244,4.237500190734863,3.7699999809265137,3.8966667652130127,4.019999980926514,4.136666774749756,4.208555698394775,3.930000066757202,4.175833225250244,3.8966667652130127,4.136666774749756
a150,M,New York,True,150,8957,159.85000610351562,174.0500030517578,188.10000610351562,0.0632951483130455,1.0632952451705933,0.10371776264374233,0.06643876433372498,0.8032823490007815,0.16713185218265045,0.022663838338729484,0.006921960477838562,3.6691665649414062,3.8350000381469727,4.0,4.15500020980835,4.264500141143799,3.6666667461395264,3.8333332538604736,4.0,4.1533331871032715,4.266666889190674,3.8350000381469727,4.15500020980835,3.8333332538604736,4.1533331871032715
a150,M,Oslo,False,150,466,162.49166870117188,176.74166870117188,194.06668090820312,0.042799510061740875,1.042799472808838,0.07725321888412018,0.05376359075307846,0.8605150214592274,0.12875536480686695,0.01072961373390558,0.0,3.760833263397217,3.917708396911621,4.0883331298828125,4.231666564941406,4.546250343322754,3.7311110496520996,3.8930554389953613,4.080555438995361,4.218888759613037,4.537221908569336,3.917708396911621,4.231666564941406,3.8930554389953613,4.218888759613037
a150,M,Paris,False,150,3507,160.9499969482422,174.48333740234375,179.4166717529297,0.0328269898891449,1.0328270196914673,0.03992015968063872,0.03757253661751747,0.9244368406045053,0.0718562874251497,0.003136583974907328,0.0005702879954376961,3.7363333702087402,3.9008333683013916,4.059999942779541,4.174583435058594,4.23199987411499,3.742222309112549,3.9033334255218506,4.058888912200928,4.1727776527404785,4.228888988494873,3.9008333683013916,4.174583435058594,3.9033334255218506,4.1727776527404785
a150,M,Prague,False,150,362,164.88999938964844,175.86666870117188,194.42999267578125,0.061501093208789825,1.061501145362854,0.10497237569060773,0.06691090017557144,0.7928176795580111,0.1712707182320442,0.03591160220994475,0.0,3.7788333892822266,3.9108333587646484,4.043333053588867,4.176458358764648,4.325666427612305,3.7803332805633545,3.9116666316986084,4.031111240386963,4.167500019073486,4.316111087799072,3.9108333587646484,4.176458358764648,3.9116666316986084,4.167500019073486
a150,M,Rotterdam,False,150,7965,159.68333435058594,175.23333740234375,188.2933349609375,0.05029932036995888,1.0502994060516357,0.08110483364720653,0.05277681350708008,0.8500941619585687,0.1339610797237916,0.012178279974890144,0.003766478342749529,3.695833444595337,3.872499942779541,4.050000190734863,4.190000057220459,4.26633358001709,3.6993331909179688,3.873333215713501,4.0477776527404785,4.190000057220459,4.2588887214660645,3.872499942779541,4.190000057220459,3.873333215713501,4.190000057220459
a150,M,Singapore,False,150,66,167.7833251953125,177.39166259765625,282.183349609375,0.04672493785619736,1.0467249155044556,0.12121212121212122,0.053344566375017166,0.8333333333333334,0.12121212121212122,0.045454545454545456,0.0,3.9487500190734863,4.046875,4.166666507720947,4.300624847412109,6.014166831970215,3.944999933242798,4.060277938842773,4.1583333015441895,4.287777900695801,6.100000381469727,4.046875,4.300624847412109,4.060277938842773,4.287777900695801
a150,M,Stockholm,False,150,282,159.72166442871094,175.48333740234375,179.3000030517578,0.042743783444166183,1.0427438020706177,0.01773049645390071,0.04214496910572052,0.9290780141843972,0.0673758865248227,0.0035460992907801418,0.0,3.719249963760376,3.9677083492279053,4.057916641235352,4.143333435058594,4.215583324432373,3.707111120223999,3.9833333492279053,4.080555438995361,4.158888816833496,4.21911096572876,3.9677083492279053,4.143333435058594,3.9833333492279053,4.158888816833496
a150,M,Sydney,False,150,247,163.2433319091797,176.1999969482422,200.0166778564453,0.04990709573030472,1.0499070882797241,0.11336032388663968,0.05539940297603607,0.8299595141700404,0.1417004048582996,0.02834008097165992,0.0,3.7828333377838135,3.931666612625122,4.0966668128967285,4.2166666984558105,4.586833477020264,3.798222303390503,3.9488887786865234,4.108889102935791,4.238333225250244,4.594000339508057,3.931666612625122,4.2166666984558105,3.9488887786865234,4.238333225250244
a150,M,Tokyo,True,150,127,150.94667053222656,154.14999389648438,156.4566650390625,0.04572850465774536,1.0457286834716797,0.06299212598425197,0.046344172209501266,0.889763779527559,0.10236220472440945,0.0,0.007874015748031496,3.455166816711426,3.5183334350585938,3.5833332538604736,3.630000114440918,3.6659998893737793,3.4673333168029785,3.528888702392578,3.5799999237060547,3.6305556297302246,3.6626665592193604,3.5183334350585938,3.630000114440918,3.528888702392578,3.6305556297302246
a150,M,Valencia,False,150,14686,157.56666564941406,171.63333129882812,179.60000610351562,0.02963189221918583,1.0296318531036377,0.046234509056244044,0.03711762651801109,0.9130464387852376,0.0774206727495574,0.0076263107721639654,0.0019065776930409914,3.677500009536743,3.823333263397217,4.004166603088379,4.168333530426025,4.241666793823242,3.6711111068725586,3.8111112117767334,3.993333339691162,4.154444217681885,4.224444389343262,3.823333263397217,4.168333530426025,3.8111112117767334,4.154444217681885
a150,M,Warsaw,False,150,1175,165.97332763671875,177.1999969482422,191.163330078125,0.04105263575911522,1.0410525798797607,0.07148936170212766,0.047792814671993256,0.8697872340425532,0.11659574468085106,0.01276595744680851,0.000851063829787234,3.810333251953125,3.9591667652130127,4.118333339691162,4.235000133514404,4.379666805267334,3.798222303390503,3.951111078262329,4.1077775955200195,4.224444389343262,4.369555473327637,3.9591667652130127,4.235000133514404,3.951111078262329,4.224444389343262
a150,M,Washington,False,150,1677,160.30665588378906,175.14999389648438,190.0699920654297,0.062401533126831055,1.062401533126831,0.12581991651759095,0.0736512541770935,0.7590936195587359,0.20632081097197377,0.026833631484794274,0.007751937984496124,3.677166700363159,3.8450000286102295,4.027500152587891,4.179999828338623,4.345333099365234,3.6540000438690186,3.8255555629730225,4.011111259460449,4.162222385406494,4.313777923583984,3.8450000286102295,4.179999828338623,3.8255555629730225,4.162222385406494
a180,F,Amsterdam,False,180,2442,188.26666259765625,202.50833129882812,209.4499969482422,0.029213523492217064,1.029213547706604,0.024979524979524978,0.03758832812309265,0.9082719082719083,0.08804258804258805,0.0036855036855036856,0.0,4.362750053405762,4.529375076293945,4.71999979019165,4.879166603088379,4.964083194732666,4.353333473205566,4.519999980926514,4.710000038146973,4.861944198608398,4.94777774810791,4.529375076293945,4.879166603088379,4.519999980926514,4.861944198608398
a180,F,Auckland,False,180,34,194.04833984375,202.25833129882812,209.2866668701172,0.04399683699011803,1.043996810913086,0.0,0.05312309041619301,0.9117647058823529,0.08823529411764706,0.0,0.0,4.356833457946777,4.575624942779541,4.707916736602783,4.855416774749756,4.89733362197876,4.385333061218262,4.5625,4.670000076293945,4.8433332443237305,4.882333278656006,4.575624942779541,4.855416774749756,4.5625,4.8433332443237305
a180,F,Austin,False,180,84,191.4600067138672,202.7083282470703,209.8316650390625,0.03229302540421486,1.0322930812835693,0.0,0.04162503033876419,0.8928571428571429,0.10714285714285714,0.0,0.0,4.40458345413208,4.589791297912598,4.702916622161865,4.848541259765625,4.996666431427002,4.371333122253418,4.565555572509766,4.688333511352539,4.834722518920898,4.95644474029541,4.589791297912598,4.848541259765625,4.565555572509766,4.834722518920898
a180,F,Barcelona,False,180,1124,186.60501098632812,200.99166870117188,208.71665954589844,0.01721937023103237,1.0172193050384521,0.03202846975088968,0.03557013347744942,0.9234875444839857,0.07384341637010676,0.0026690391459074734,0.0,4.338000297546387,4.521666526794434,4.701250076293945,4.870833396911621,4.962833404541016,4.30222225189209,4.481389045715332,4.647777557373047,4.803333282470703,4.898889064788818,4.521666526794434,4.870833396911621,4.481389045715332,4.803333282470703
a180,F,Berlin,True,180,10544,188.0,202.5833282470703,210.8283233642578,0.034825798124074936,1.0348258018493652,0.029874810318664645,0.040132880210876465,0.9100910470409712,0.08535660091047041,0.0033194233687405157,0.0012329286798179059,4.34108304977417,4.524166584014893,4.7133331298828125,4.875833511352539,4.989166736602783,4.3433332443237305,4.525555610656738,4.711111068725586,4.869999885559082,4.982222080230713,4.524166584014893,4.875833511352539,4.525555610656738,4.869999885559082
a180,F,Boston,True,180,16752,187.64999389648438,201.00833129882812,211.06500244140625,0.05184299498796463,1.0518430471420288,0.04566618911174785,0.05504733696579933,0.848018147086915,0.1418935052531041,0.007700573065902579,0.002387774594078319,4.329166889190674,4.483333110809326,4.646666526794434,4.794166564941406,4.913333415985107,4.329999923706055,4.483333110809326,4.646666526794434,4.792222023010254,4.913333415985107,4.483333110809326,4.794166564941406,4.483333110809326,4.792222023010254
a180,F,Chicago,True,180,5026,187.8249969482422,200.6999969482422,209.31666564941406,0.04020022228360176,1.0402002334594727,0.044767210505372065,0.045238129794597626,0.8867886987664146,0.10565061679267808,0.006764822920811779,0.0007958615200955034,4.334166526794434,4.495833396911621,4.669166564941406,4.81083345413208,4.921249866485596,4.340000152587891,4.498888969421387,4.663333415985107,4.80222225189209,4.9116668701171875,4.495833396911621,4.81083345413208,4.498888969421387,4.80222225189209
a180,F,Copenhagen,False,180,2191,190.28334045410156,205.23333740234375,223.3000030517578,0.037044547498226166,1.0370445251464844,0.046097672295755364,0.0426495261490345,0.8895481515289821,0.10178000912825194,0.006389776357827476,0.0022820629849383844,4.4066667556762695,4.59499979019165,4.775000095367432,4.948333263397217,5.166666507720947,4.412222385406494,4.592777729034424,4.77222204208374,4.9472222328186035,5.163333415985107,4.59499979019165,4.948333263397217,4.592777729034424,4.9472222328186035
a180,F,Dubai,False,180,49,191.10665893554688,203.18333435058594,209.2933349609375,0.05855388194322586,1.0585538148880005,0.02040816326530612,0.06005988270044327,0.8571428571428571,0.12244897959183673,0.02040816326530612,0.0,4.328166961669922,4.473333358764648,4.65500020980835,4.754166603088379,4.890500068664551,4.3386664390563965,4.494444370269775,4.667778015136719,4.747777938842773,4.895999908447266,4.473333358764648,4.754166603088379,4.494444370269775,4.747777938842773
a180,F,Eindhoven,False,180,533,186.2033233642578,201.98333740234375,209.98333740234375,0.04308208450675011,1.0430821180343628,0.04127579737335835,0.04480165243148804,0.8724202626641651,0.11819887429643527,0.0075046904315197,0.001876172607879925,4.264333248138428,4.454999923706055,4.663333415985107,4.850833415985107,4.952499866485596,4.274666786193848,4.461111068725586,4.674444675445557,4.856666564941406,4.966222286224365,4.454999923706055,4.850833415985107,4.461111068725586,4.856666564941406
a180,F,Gold Coast,False,180,821,188.3000030517578,202.56666564941406,215.56666564941406,0.05272090435028076,1.0527207851409912,0.07186358099878197,0.05673032999038696,0.8416565164433617,0.14494518879415347,0.007308160779537149,0.0060901339829476245,4.322500228881836,4.484166622161865,4.692500114440918,4.863333225250244,4.9716668128967285,4.329999923706055,4.489999771118164,4.696666717529297,4.851110935211182,4.956666469573975,4.484166622161865,4.863333225250244,4.489999771118164,4.851110935211182
a180,F,Hamburg,False,180,48,185.0966796875,191.39999389648438,198.6366729736328,0.03653576597571373,1.0365357398986816,0.041666666666666664,0.0428791344165802,0.9166666666666666,0.08333333333333333,0.0,0.0,4.234166622161865,4.367291450500488,4.46875,4.570833206176758,4.630249977111816,4.224888801574707,4.344444274902344,4.442777633666992,4.56083345413208,4.615444660186768,4.367291450500488,4.570833206176758,4.344444274902344,4.56083345413208
a180,F,Helsinki,False,180,89,189.1199951171875,205.71665954589844,221.93666076660156,0.06425445526838303,1.0642545223236084,0.033707865168539325,0.06804218143224716,0.8202247191011236,0.1797752808988764,0.0,0.0,4.350666522979736,4.510833263397217,4.698333263397217,4.9083333015441895,5.125333309173584,4.375333309173584,4.516666889190674,4.682222366333008,4.878889083862305,5.089110851287842,4.510833263397217,4.9083333015441895,4.516666889190674,4.878889083862305
a180,F,London,True,180,9034,187.5050048828125,201.4499969482422,216.42832946777344,0.053662195801734924,1.0536621809005737,0.0481514279388975,0.05206455662846565,0.8577595749391189,0.13249944653531104,0.0074164268319681205,0.0023245516936019482,4.308333396911621,4.472499847412109,4.662499904632568,4.832499980926514,4.978333473205566,4.331110954284668,4.492500305175781,4.682222366333008,4.853333473205566,5.0,4.472499847412109,4.832499980926514,4.492500305175781,4.853333473205566
a180,F,Madrid,False,180,559,191.22999572753906,203.3333282470703,209.33999633789062,0.046855706721544266,1.0468556880950928,0.059033989266547404,0.06479352712631226,0.8318425760286225,0.15742397137745975,0.008944543828264758,0.0017889087656529517,4.374666690826416,4.53249979019165,4.696666717529297,4.828750133514404,4.928666591644287,4.345333099365234,4.476110935211182,4.6322221755981445,4.763333320617676,4.880000114440918,4.53249979019165,4.828750133514404,4.476110935211182,4.763333320617676
a180,F,New York,True,180,6438,188.56666564941406,202.78334045410156,216.85000610351562,0.058498017489910126,1.0584980249404907,0.06461634047840945,0.062113694846630096,0.8036657347002174,0.18468468468468469,0.009164336750543647,0.0024852438645542093,4.325583457946777,4.489166736602783,4.670833110809326,4.833333492279053,4.975833415985107,4.32444429397583,4.489999771118164,4.672222137451172,4.827777862548828,4.9811110496521,4.489166736602783,4.833333492279053,4.489999771118164,4.827777862548828
a180,F,Oslo,False,180,203,191.04000854492188,203.68333435058594,214.31333923339844,0.036203425377607346,1.0362035036087036,0.054187192118226604,0.04982595145702362,0.8817733990147784,0.11822660098522167,0.0,0.0,4.409333229064941,4.577500343322754,4.7166666984558105,4.90625,4.99399995803833,4.393555641174316,4.551111221313477,4.685555458068848,4.870555877685547,4.94444465637207,4.577500343322754,4.90625,4.551111221313477,4.870555877685547
a180,F,Paris,False,180,1106,188.6999969482422,202.4083251953125,209.125,0.030875276774168015,1.030875325202942,0.037070524412296565,0.037859391421079636,0.9240506329113924,0.07323688969258589,0.0018083182640144665,0.0009041591320072332,4.37833309173584,4.54520845413208,4.704583168029785,4.8491668701171875,4.943749904632568,4.386111259460449,4.548055648803711,4.700555801391602,4.845277786254883,4.934999942779541,4.54520845413208,4.8491668701171875,4.548055648803711,4.845277786254883
a180,F,Prague,False,180,113,194.61666870117188,204.11666870117188,218.56333923339844,0.047616709023714066,1.047616720199585,0.04424778761061947,0.06388027966022491,0.831858407079646,0.1504424778761062,0.008849557522123894,0.008849557522123894,4.4076666831970215,4.581666469573975,4.728333473205566,4.886666774749756,5.065999984741211,4.3828887939453125,4.5366668701171875,4.652222156524658,4.815555572509766,4.928889274597168,4.581666469573975,4.886666774749756,4.5366668701171875,4.815555572509766
a180,F,Rotterdam,False,180,1907,188.2433319091797,202.9166717529297,214.08999633789062,0.04624539986252785,1.0462453365325928,0.041426324069218666,0.04926714301109314,0.8725747246984793,0.12270582066072365,0.0036706869428421605,0.001048767697954903,4.315000057220459,4.495416641235352,4.699999809265137,4.861666679382324,4.96750020980835,4.316666603088379,4.495555400848389,4.698888778686523,4.860000133514404,4.956666469573975,4.495416641235352,4.861666679382324,4.495555400848389,4.860000133514404
a180,F,Stockholm,False,180,96,186.14166259765625,205.5333251953125,208.85833740234375,0.03736839070916176,1.0373684167861938,0.010416666666666666,0.039551734924316406,0.9270833333333334,0.07291666666666667,0.0,0.0,4.274583339691162,4.422500133514404,4.764166831970215,4.880000114440918,4.93416690826416,4.306666851043701,4.45972204208374,4.7833333015441895,4.861666679382324,4.904999732971191,4.422500133514404,4.880000114440918,4.45972204208374,4.861666679382324
a180,F,Sydney,False,180,117,190.64666748046875,204.51666259765625,209.3866729736328,0.05564526841044426,1.055645227432251,0.008547008547008548,0.05458611249923706,0.8974358974358975,0.10256410256410256,0.0,0.0,4.322666645050049,4.518333435058594,4.677499771118164,4.815833568572998,4.897833347320557,4.339111328125,4.550000190734863,4.687777996063232,4.833333492279053,4.9184441566467285,4.518333435058594,4.815833568572998,4.550000190734863,4.833333492279053
a180,F,Valencia,False,180,271,185.96665954589844,200.35000610351562,208.8000030517578,0.0010683670407161117,1.0010684728622437,0.01845018450184502,0.036468345671892166,0.948339483394834,0.05166051660516605,0.0,0.0,4.360833168029785,4.567500114440918,4.759166717529297,4.902083396911621,4.991666793823242,4.313333511352539,4.47611141204834,4.666666507720947,4.791110992431641,4.883333206176758,4.567500114440918,4.902083396911621,4.47611141204834,4.791110992431641
a180,F,Warsaw,False,180,201,190.35000610351562,205.60000610351562,216.60000610351562,0.02945251390337944,1.0294524431228638,0.014925373134328358,0.03854554519057274,0.9353233830845771,0.06467661691542288,0.0,0.0,4.434999942779541,4.644999980926514,4.785833358764648,4.9083333015441895,5.0291666984558105,4.437777996063232,4.631111145019531,4.77222204208374,4.888888835906982,5.027777671813965,4.644999980926514,4.9083333015441895,4.631111145019531,4.888888835906982
a180,F,Washington,False,180,1730,190.78334045410156,204.5749969482422,220.05667114257812,0.056766655296087265,1.0567666292190552,0.09248554913294797,0.06888460367918015,0.7583815028901734,0.22427745664739884,0.013294797687861272,0.004046242774566474,4.361583232879639,4.535208225250244,4.713749885559082,4.871666431427002,5.064499855041504,4.337777614593506,4.511111259460449,4.67555570602417,4.827777862548828,5.014222145080566,4.535208225250244,4.871666431427002,4.511111259460449,4.827777862548828
a180,M,Amsterdam,False,180,24788,186.14498901367188,200.36666870117188,209.6999969482422,0.05779252201318741,1.0577925443649292,0.1265531708891399,0.06634001433849335,0.7678715507503631,0.2078425044376311,0.02142165563982572,0.002864289172180087,4.247499942779541,4.4008331298828125,4.611666679382324,4.813333511352539,4.945000171661377,4.2377777099609375,4.38527774810791,4.5933332443237305,4.791110992431641,4.924444675445557,4.4008331298828125,4.813333511352539,4.38527774810791,4.791110992431641
a180,M,Auckland,False,180,318,188.0749969482422,201.9499969482422,209.87001037597656,0.0808103159070015,1.080810308456421,0.18238993710691823,0.08863234519958496,0.6635220125786163,0.2830188679245283,0.0440251572327044,0.009433962264150943,4.227499961853027,4.350416660308838,4.597916603088379,4.789374828338623,4.903833389282227,4.2230000495910645,4.332777500152588,4.576666831970215,4.788333415985107,4.891444206237793,4.350416660308838,4.789374828338623,4.332777500152588,4.788333415985107
a180,M,Austin,False,180,474,184.7866668701172,201.6583251953125,209.9166717529297,0.06694494187831879,1.06694495677948,0.14767932489451477,0.07555239647626877,0.7130801687763713,0.2510548523206751,0.03375527426160337,0.002109704641350211,4.250499725341797,4.364375114440918,4.59708309173584,4.796041488647461,4.96108341217041,4.234333038330078,4.369999885559082,4.582777976989746,4.767499923706055,4.944111347198486,4.364375114440918,4.796041488647461,4.369999885559082,4.767499923706055
a180,M,Barcelona,False,180,9818,183.64999389648438,197.56666564941406,208.21665954589844,0.033906105905771255,1.033906102180481,0.10939091464656753,0.05578555911779404,0.8248115705846405,0.16072519861478915,0.013546547158280709,0.000916683642289672,4.24833345413208,4.354166507720947,4.5908331871032715,4.791666507720947,4.947750091552734,4.21999979019165,4.308888912200928,4.543333530426025,4.712222099304199,4.847777843475342,4.354166507720947,4.791666507720947,4.308888912200928,4.712222099304199
a180,M,Berlin,True,180,91245,186.53334045410156,201.31666564941406,216.73333740234375,0.06337442249059677,1.063374400138855,0.13011123897199847,0.06808512657880783,0.7615102197380679,0.2123842402323415,0.02202860430708532,0.004076935722505343,4.249166488647461,4.413333415985107,4.625833511352539,4.834166526794434,4.985833168029785,4.248888969421387,4.409999847412109,4.621110916137695,4.826666831970215,4.980000019073486,4.413333415985107,4.834166526794434,4.409999847412109,4.826666831970215
a180,M,Boston,True,180,23878,183.5833282470703,196.3000030517578,209.53834533691406,0.0933639258146286,1.093363881111145,0.17752743110813302,0.09365854412317276,0.6493006114414943,0.2942457492252282,0.047156378256135355,0.00929726107714214,4.1591668128967285,4.264999866485596,4.448333263397217,4.647500038146973,4.824166774749756,4.167778015136719,4.269999980926514,4.453333377838135,4.650000095367432,4.827777862548828,4.264999866485596,4.647500038146973,4.269999980926514,4.650000095367432
a180,M,Chicago,True,180,12061,184.23333740234375,197.8000030517578,209.13333129882812,0.07369470596313477,1.0736947059631348,0.18331813282480722,0.07775873690843582,0.7156952159854075,0.24591659066412402,0.032833098416383384,0.005555094934085068,4.203333377838135,4.307499885559082,4.508333206176758,4.7166666984558105,4.889166831970215,4.206666469573975,4.3077778816223145,4.507777690887451,4.707777976989746,4.872222423553467,4.307499885559082,4.7166666984558105,4.3077778816223145,4.707777976989746
a180,M,Copenhagen,False,180,16370,187.73333740234375,203.11666870117188,224.35166931152344,0.06877144426107407,1.068771481513977,0.17098350641417226,0.07387619465589523,0.7355528405620037,0.2247403787416005,0.03249847281612706,0.007208307880268785,4.260000228881836,4.456666469573975,4.684166431427002,4.889166831970215,5.051666736602783,4.266666889190674,4.456944465637207,4.6777777671813965,4.8822221755981445,5.042333126068115,4.456666469573975,4.889166831970215,4.456944465637207,4.8822221755981445
a180,M,Dubai,False,180,463,184.7566680908203,199.01666259765625,208.26333618164062,0.0862102136015892,1.0862102508544922,0.1879049676025918,0.0883585587143898,0.6501079913606912,0.3023758099352052,0.04535637149028078,0.0021598272138228943,4.170166492462158,4.285833358764648,4.494166851043701,4.69083309173584,4.813333511352539,4.1824445724487305,4.287222385406494,4.496666431427002,4.6827778816223145,4.804222106933594,4.285833358764648,4.69083309173584,4.287222385406494,4.6827778816223145
a180,M,Eindhoven,False,180,5185,186.5500030517578,200.98333740234375,211.82666015625,0.06802726536989212,1.0680272579193115,0.15139826422372227,0.07075423747301102,0.7404050144648023,0.22950819672131148,0.025650916104146576,0.004435872709739634,4.231666564941406,4.389999866485596,4.583333492279053,4.823333263397217,4.942500114440918,4.239999771118164,4.400000095367432,4.591111183166504,4.823333263397217,4.946666717529297,4.389999866485596,4.823333263397217,4.400000095367432,4.823333263397217
a180,M,Gold Coast,False,180,4270,186.14833068847656,200.48333740234375,213.5016632080078,0.08179057389497757,1.0817906856536865,0.2423887587822014,0.08672240376472473,0.6744730679156908,0.27330210772833724,0.04402810304449649,0.00819672131147541,4.2241668701171875,4.332499980926514,4.559166431427002,4.776666641235352,4.933416843414307,4.226555347442627,4.332499980926514,4.556666851043701,4.766388893127441,4.921111106872559,4.332499980926514,4.776666641235352,4.332499980926514,4.766388893127441
a180,M,Hamburg,False,180,1318,185.36666870117188,198.43333435058594,208.68333435058594,0.042868249118328094,1.0428682565689087,0.06069802731411229,0.05251896381378174,0.8566009104704098,0.13201820940819423,0.010622154779969651,0.0007587253414264037,4.246166229248047,4.400208473205566,4.5908331871032715,4.7791666984558105,4.884166717529297,4.22777795791626,4.377777576446533,4.566666603088379,4.745277404785156,4.853333473205566,4.400208473205566,4.7791666984558105,4.377777576446533,4.745277404785156
a180,M,Helsinki,False,180,725,190.48666381835938,206.06666564941406,229.73333740234375,0.09198126196861267,1.091981291770935,0.1889655172413793,0.1000080481171608,0.6110344827586207,0.33379310344827584,0.0496551724137931,0.005517241379310344,4.245500087738037,4.451666831970215,4.679999828338623,4.881666660308838,5.105166435241699,4.25,4.445555686950684,4.659999847412109,4.851110935211182,5.0313334465026855,4.451666831970215,4.881666660308838,4.445555686950684,4.851110935211182
a180,M,London,True,180,23814,185.3000030517578,200.23333740234375,214.0,0.08152647316455841,1.081526517868042,0.1710758377425044,0.08014050126075745,0.7047115142353237,0.2537582934408331,0.03493743176282859,0.0065927605610145296,4.2191667556762695,4.334166526794434,4.571666717529297,4.772500038146973,4.949999809265137,4.238888740539551,4.353333473205566,4.588889122009277,4.791110992431641,4.96999979019165,4.334166526794434,4.772500038146973,4.353333473205566,4.791110992431641
a180,M,Madrid,False,180,16993,186.21665954589844,200.43333435058594,209.34666442871094,0.06716439127922058,1.067164421081543,0.1817807332431001,0.08844002336263657,0.6602130288942506,0.31354086976990525,0.024068734184664275,0.0021773671511798975,4.214166641235352,4.381666660308838,4.578333377838135,4.776666641235352,4.912499904632568,4.171111106872559,4.320000171661377,4.5088887214660645,4.688889026641846,4.829999923706055,4.381666660308838,4.776666641235352,4.320000171661377,4.688889026641846
a180,M,Melbourne,False,180,43,183.98666381835938,201.18333435058594,208.17666625976562,0.05434074625372887,1.0543408393859863,0.06976744186046512,0.06006999313831329,0.7674418604651163,0.23255813953488372,0.0,0.0,4.205666542053223,4.390416622161865,4.608333110809326,4.737916946411133,4.858333110809326,4.217777729034424,4.392777919769287,4.567777633666992,4.708889007568359,4.79022216796875,4.390416622161865,4.737916946411133,4.392777919769287,4.708889007568359
a180,M,New York,True,180,21894,185.8383331298828,200.98333740234375,219.5500030517578,0.09351512789726257,1.093515157699585,0.2223440211930209,0.0964798629283905,0.6235955056179775,0.3157486069242715,0.05106421850735361,0.00959166895039737,4.204999923706055,4.332499980926514,4.559166431427002,4.771666526794434,4.955833435058594,4.204444408416748,4.328888893127441,4.553333282470703,4.764444351196289,4.954444408416748,4.332499980926514,4.771666526794434,4.328888893127441,4.764444351196289
a180,M,Oslo,False,180,1484,188.28834533691406,202.9250030517578,217.45333862304688,0.0656813383102417,1.0656813383102417,0.2082210242587601,0.07901658117771149,0.7048517520215634,0.26482479784366575,0.02628032345013477,0.004043126684636119,4.253833770751953,4.443958282470703,4.639166831970215,4.859375,4.991416931152344,4.232222080230713,4.4277777671813965,4.6061110496521,4.81583309173584,4.950778007507324,4.443958282470703,4.859375,4.4277777671813965,4.81583309173584
a180,M,Paris,False,180,12542,185.71665954589844,199.56666564941406,208.98333740234375,0.05616956204175949,1.0561695098876953,0.12996332323393398,0.06204007938504219,0.7973210014351778,0.18513793653324828,0.01586668792856004,0.0016743741030138734,4.236666679382324,4.385833263397217,4.5933332443237305,4.7758331298828125,4.912499904632568,4.239999771118164,4.387777805328369,4.586666584014893,4.766666889190674,4.902222156524658,4.385833263397217,4.7758331298828125,4.387777805328369,4.766666889190674
a180,M,Prague,False,180,1396,186.8333282470703,201.05833435058594,213.11666870117188,0.07375361770391464,1.0737535953521729,0.2020057306590258,0.0907747745513916,0.6475644699140402,0.3216332378223496,0.024355300859598854,0.0064469914040114614,4.239999771118164,4.391666889190674,4.579999923706055,4.778541564941406,4.990833282470703,4.21999979019165,4.360833168029785,4.518333435058594,4.699999809265137,4.861111164093018,4.391666889190674,4.778541564941406,4.360833168029785,4.699999809265137
a180,M,Rotterdam,False,180,20696,186.76666259765625,201.89999389648438,218.14999389648438,0.07680311053991318,1.0768030881881714,0.19090645535369152,0.08105459809303284,0.6933223811364515,0.26927908774642445,0.03338809431774256,0.004010436799381523,4.227499961853027,4.389999866485596,4.606666564941406,4.825833320617676,4.9658331871032715,4.226666450500488,4.385555744171143,4.598888874053955,4.814444541931152,4.955555438995361,4.389999866485596,4.825833320617676,4.385555744171143,4.814444541931152
a180,M,Singapore,False,180,215,187.4166717529297,200.61666870117188,223.5500030517578,0.052657369524240494,1.0526572465896606,0.11627906976744186,0.061316970735788345,0.8093023255813954,0.17209302325581396,0.013953488372093023,0.004651162790697674,4.253833293914795,4.413749694824219,4.652500152587891,4.914166450500488,5.24566650390625,4.247333526611328,4.432777404785156,4.643333435058594,4.8872222900390625,5.248000144958496,4.413749694824219,4.914166450500488,4.432777404785156,4.8872222900390625
a180,M,Stockholm,False,180,1845,186.19000244140625,198.78334045410156,207.31666564941406,0.055107828229665756,1.055107831954956,0.05853658536585366,0.057335201650857925,0.8222222222222222,0.17018970189701896,0.007046070460704607,0.0005420054200542005,4.261166572570801,4.4083333015441895,4.566666603088379,4.730833530426025,4.858333110809326,4.269333362579346,4.417778015136719,4.57111120223999,4.733333110809326,4.849555492401123,4.4083333015441895,4.730833530426025,4.417778015136719,4.733333110809326
a180,M,Sydney,False,180,892,188.0066680908203,202.30833435058594,213.7166748046875,0.07505077868700027,1.0750508308410645,0.2006726457399103,0.08065245300531387,0.7275784753363229,0.22982062780269058,0.033632286995515695,0.008968609865470852,4.2241668701171875,4.428124904632568,4.62333345413208,4.808541774749756,4.9447503089904785,4.252222061157227,4.443055152893066,4.62833309173584,4.810277938842773,4.954111099243164,4.428124904632568,4.808541774749756,4.443055152893066,4.810277938842773
a180,M,Valencia,False,180,19914,184.47166442871094,198.01666259765625,209.48333740234375,0.05202794447541237,1.0520280599594116,0.12644370794415988,0.06314828991889954,0.78899266847444,0.18434267349603295,0.02289846339258813,0.003766194636938837,4.233333110809326,4.355833530426025,4.576666831970215,4.790833473205566,4.938333511352539,4.21999979019165,4.337777614593506,4.550000190734863,4.755555629730225,4.902222156524658,4.355833530426025,4.790833473205566,4.337777614593506,4.755555629730225
a180,M,Warsaw,False,180,4622,187.4016571044922,202.38333129882812,219.1316680908203,0.056745827198028564,1.0567458868026733,0.1343574210298572,0.06506119668483734,0.7723929035049762,0.20380787537862396,0.021419299004759845,0.002379922111639983,4.254166603088379,4.454166889190674,4.6533331871032715,4.879166603088379,5.01324987411499,4.242222309112549,4.440000057220459,4.636666774749756,4.863055229187012,4.997777938842773,4.454166889190674,4.879166603088379,4.440000057220459,4.863055229187012
a180,M,Washington,False,180,9555,188.23333740234375,203.5833282470703,226.55999755859375,0.08530476689338684,1.085304856300354,0.24835164835164836,0.09871353954076767,0.615279958137101,0.321716378859236,0.0521193092621664,0.010884353741496598,4.271666526794434,4.425833225250244,4.628333568572998,4.837916374206543,5.086666584014893,4.243333339691162,4.396666526794434,4.588889122009277,4.789999961853027,5.03000020980835,4.425833225250244,4.837916374206543,4.396666526794434,4.789999961853027
a210,F,Amsterdam,False,210,9308,215.68333435058594,230.13333129882812,239.01666259765625,0.03603041172027588,1.0360304117202759,0.03577567683712935,0.045507851988077164,0.8766652342071336,0.11850021486892995,0.0040825096691018475,0.0007520412548345509,4.988916873931885,5.1616668701171875,5.357500076293945,5.522500038146973,5.639999866485596,4.97777795791626,5.14555549621582,5.332221984863281,5.498888969421387,5.618888854980469,5.1616668701171875,5.522500038146973,5.14555549621582,5.498888969421387
a210,F,Auckland,False,210,143,214.80999755859375,232.56666564941406,239.4300079345703,0.057911671698093414,1.0579116344451904,0.055944055944055944,0.0689622014760971,0.7762237762237763,0.21678321678321677,0.006993006993006993,0.0,4.9691667556762695,5.094583511352539,5.315833568572998,5.4979166984558105,5.637833595275879,4.945777893066406,5.085000038146973,5.32444429397583,5.476110935211182,5.6131110191345215,5.094583511352539,5.4979166984558105,5.085000038146973,5.476110935211182
a210,F,Austin,False,210,384,217.10501098632812,229.9499969482422,239.55833435058594,0.05954518914222717,1.0595451593399048,0.09375,0.07048829644918442,0.7317708333333334,0.24739583333333334,0.018229166666666668,0.0026041666666666665,4.960249900817871,5.107291221618652,5.2916669845581055,5.496874809265137,5.659249782562256,4.945888996124268,5.0722222328186035,5.261111259460449,5.445555686950684,5.610555648803711,5.107291221618652,5.496874809265137,5.0722222328186035,5.445555686950684
a210,F,Barcelona,False,210,3235,214.3733367919922,227.76666259765625,237.93333435058594,0.01990826241672039,1.0199083089828491,0.0633693972179289,0.049711860716342926,0.8565687789799072,0.13724884080370942,0.0055641421947449764,0.0006182380216383308,4.980833530426025,5.127500057220459,5.321666717529297,5.517499923706055,5.674166679382324,4.923333168029785,5.041110992431641,5.243333339691162,5.404444217681885,5.54622220993042,5.127500057220459,5.517499923706055,5.041110992431641,5.404444217681885
a210,F,Berlin,True,210,35213,215.6699981689453,230.53334045410156,239.85000610351562,0.0439978651702404,1.043997883796692,0.04589214210660836,0.04889974743127823,0.8668105529207963,0.12577741175134183,0.0063044898191009,0.001107545508760969,4.979166507720947,5.137499809265137,5.3433332443237305,5.53000020980835,5.668333530426025,4.983333110809326,5.141110897064209,5.3466668128967285,5.528888702392578,5.665555477142334,5.137499809265137,5.53000020980835,5.141110897064209,5.528888702392578
a210,F,Boston,True,210,18646,213.1583251953125,225.00833129882812,238.64999389648438,0.0787304937839508,1.0787304639816284,0.09610640351818084,0.07864589989185333,0.7151667918052129,0.26252279309235227,0.019575244020165184,0.0027351710822696557,4.8433332443237305,4.9691667556762695,5.137499809265137,5.324999809265137,5.492499828338623,4.8577775955200195,4.976666450500488,5.146666526794434,5.336666584014893,5.501111030578613,4.9691667556762695,5.324999809265137,4.976666450500488,5.336666584014893
a210,F,Chicago,True,210,9378,214.43333435058594,228.125,238.8333282470703,0.05436904728412628,1.0543690919876099,0.08861164427383238,0.060480039566755295,0.8018767327788441,0.18255491576029004,0.013009170398805716,0.0025591810620601407,4.909749984741211,5.055833339691162,5.258333206176758,5.455833435058594,5.604166507720947,4.913333415985107,5.0502777099609375,5.25,5.44444465637207,5.586666584014893,5.055833339691162,5.455833435058594,5.0502777099609375,5.44444465637207
a210,F,Copenhagen,False,210,7894,216.71665954589844,231.52499389648438,243.88499450683594,0.04787120595574379,1.0478712320327759,0.06815302761591081,0.05354778468608856,0.8324043577400557,0.15556118571066632,0.011021028629338738,0.0010134279199391944,4.985833168029785,5.179166793823242,5.37666654586792,5.538333415985107,5.675833225250244,4.989999771118164,5.1802778244018555,5.375555515289307,5.532222270965576,5.676666736602783,5.179166793823242,5.538333415985107,5.1802778244018555,5.532222270965576
a210,F,Dubai,False,210,181,214.96665954589844,230.4166717529297,237.9499969482422,0.06138550862669945,1.0613855123519897,0.0718232044198895,0.06607071310281754,0.7955801104972375,0.20441988950276244,0.0,0.0,4.894166469573975,5.024166584014893,5.28000020980835,5.418333530426025,5.551666736602783,4.900000095367432,5.034444332122803,5.267777919769287,5.412222385406494,5.53000020980835,5.024166584014893,5.418333530426025,5.034444332122803,5.412222385406494
a210,F,Eindhoven,False,210,1374,215.8000030517578,230.43333435058594,239.2066650390625,0.044437285512685776,1.044437289237976,0.05458515283842795,0.04848126694560051,0.8595342066957787,0.13173216885007277,0.008005822416302766,0.000727802037845706,4.9633331298828125,5.1558332443237305,5.337083339691162,5.520625114440918,5.638916969299316,4.973666667938232,5.164444446563721,5.336666584014893,5.523333549499512,5.64633321762085,5.1558332443237305,5.520625114440918,5.164444446563721,5.523333549499512
a210,F,Gold Coast,False,210,2318,215.86166381835938,230.11666870117188,239.53834533691406,0.06818167865276337,1.0681817531585693,0.13416738567730802,0.0730651244521141,0.7364106988783434,0.24115616911130286,0.020276100086281276,0.0021570319240724763,4.910833358764648,5.085000038146973,5.2783331871032715,5.452499866485596,5.5966668128967285,4.914444446563721,5.082221984863281,5.277222156524658,5.448888778686523,5.591444492340088,5.085000038146973,5.452499866485596,5.082221984863281,5.448888778686523
a210,F,Helsinki,False,210,381,218.13333129882812,233.96665954589844,239.96665954589844,0.047804269939661026,1.047804355621338,0.03937007874015748,0.06368883699178696,0.8031496062992126,0.1889763779527559,0.007874015748031496,0.0,5.020833492279053,5.152500152587891,5.369999885559082,5.569166660308838,5.702499866485596,4.975555419921875,5.124444484710693,5.32111120223999,5.489999771118164,5.606666564941406,5.152500152587891,5.569166660308838,5.124444484710693,5.489999771118164
a210,F,London,True,210,16533,214.40333557128906,228.8333282470703,239.81666564941406,0.06980504095554352,1.0698050260543823,0.08086856589850602,0.06653120368719101,0.772394604729934,0.21109296558398355,0.013730115526522712,0.0027823141595596686,4.914166450500488,5.039999961853027,5.242499828338623,5.4375,5.604000091552734,4.941111087799072,5.070000171661377,5.27222204208374,5.465555667877197,5.631111145019531,5.039999961853027,5.4375,5.070000171661377,5.465555667877197
a210,F,Madrid,False,210,2696,215.3000030517578,229.79165649414062,238.72500610351562,0.05093197152018547,1.0509319305419922,0.11461424332344214,0.07610379159450531,0.7266320474777448,0.26483679525222553,0.00741839762611276,0.001112759643916914,4.951250076293945,5.100833415985107,5.28249979019165,5.473541736602783,5.617499828338623,4.877777576446533,5.015555381774902,5.187777996063232,5.35444450378418,5.493888854980469,5.100833415985107,5.473541736602783,5.015555381774902,5.35444450378418
a210,F,New York,True,210,19460,215.81666564941406,230.81666564941406,244.31666564941406,0.07487539201974869,1.0748754739761353,0.11120246659815006,0.0771910771727562,0.7108427543679342,0.26772867420349433,0.01762589928057554,0.003802672147995889,4.912499904632568,5.063333511352539,5.275000095367432,5.475833415985107,5.644999980926514,4.917778015136719,5.067500114440918,5.278888702392578,5.476666450500488,5.644444465637207,5.063333511352539,5.475833415985107,5.067500114440918,5.476666450500488
a210,F,Oslo,False,210,615,217.6233367919922,231.46665954589844,240.71665954589844,0.0522063709795475,1.0522063970565796,0.08780487804878048,0.06534165143966675,0.7853658536585366,0.2032520325203252,0.00975609756097561,0.0016260162601626016,4.985833168029785,5.1566667556762695,5.319166660308838,5.5520830154418945,5.6504998207092285,4.9482221603393555,5.133333206176758,5.294444561004639,5.523333549499512,5.625111103057861,5.1566667556762695,5.5520830154418945,5.133333206176758,5.523333549499512
a210,F,Paris,False,210,5114,215.8333282470703,230.13333129882812,238.60000610351562,0.046015746891498566,1.046015739440918,0.06276886976926085,0.0514318086206913,0.8670316777473602,0.12768869769260852,0.004888541259288229,0.00039108330074305825,4.975833415985107,5.135000228881836,5.31416654586792,5.475833415985107,5.597499847412109,4.982222080230713,5.135833740234375,5.314444541931152,5.471111297607422,5.588889122009277,5.135000228881836,5.475833415985107,5.135833740234375,5.471111297607422
a210,F,Prague,False,210,348,217.73834228515625,232.20834350585938,242.47166442871094,0.038784924894571304,1.0387848615646362,0.13505747126436782,0.07725232094526291,0.7126436781609196,0.27873563218390807,0.005747126436781609,0.0028735632183908046,5.009083271026611,5.166249752044678,5.399583339691162,5.6097917556762695,5.8052496910095215,4.90422248840332,5.048333168029785,5.219444274902344,5.37333345413208,5.530110836029053,5.166249752044678,5.6097917556762695,5.048333168029785,5.37333345413208
a210,F,Rotterdam,False,210,7007,216.9499969482422,231.89999389648438,241.2066650390625,0.05259905010461807,1.0525990724563599,0.06236620522334808,0.05668311193585396,0.8231768231768232,0.1665477379763094,0.009133723419437705,0.0011417154274297131,4.96999979019165,5.1591668128967285,5.357500076293945,5.5291666984558105,5.6541666984558105,4.967777729034424,5.155555725097656,5.35444450378418,5.524444580078125,5.647110939025879,5.1591668128967285,5.5291666984558105,5.155555725097656,5.524444580078125
a210,F,Singapore,False,210,65,216.85000610351562,234.9499969482422,239.64666748046875,0.04398908093571663,1.0439890623092651,0.06153846153846154,0.05410796031355858,0.7846153846153846,0.18461538461538463,0.03076923076923077,0.0,4.947000026702881,5.224999904632568,5.4666666984558105,5.630833148956299,5.820333480834961,4.961777687072754,5.224444389343262,5.449999809265137,5.582221984863281,5.763555526733398,5.224999904632568,5.630833148956299,5.224444389343262,5.582221984863281
a210,F,Stockholm,False,210,753,216.15333557128906,229.73333740234375,238.31666564941406,0.04121623933315277,1.0412161350250244,0.013280212483399735,0.046386126428842545,0.9070385126162018,0.09296148738379814,0.0,0.0,4.983333110809326,5.142499923706055,5.313333511352539,5.4741668701171875,5.588833332061768,4.9831109046936035,5.14555549621582,5.32444429397583,5.457777976989746,5.565333366394043,5.142499923706055,5.4741668701171875,5.14555549621582,5.457777976989746
a210,F,Sydney,False,210,468,217.68833923339844,230.89999389648438,239.27333068847656,0.0703761950135231,1.0703762769699097,0.14316239316239315,0.07564356178045273,0.7200854700854701,0.26495726495726496,0.014957264957264958,0.0,4.928916931152344,5.090208053588867,5.27791690826416,5.460833549499512,5.611916542053223,4.9518890380859375,5.119166374206543,5.291666507720947,5.466944694519043,5.611444473266602,5.090208053588867,5.460833549499512,5.119166374206543,5.466944694519043
a210,F,Valencia,False,210,610,214.61334228515625,227.41665649414062,238.23500061035156,0.01875871606171131,1.0187586545944214,0.05081967213114754,0.04889717698097229,0.8852459016393442,0.10819672131147541,0.004918032786885246,0.001639344262295082,5.018583297729492,5.159375190734863,5.34208345413208,5.536250114440918,5.651666641235352,4.949777603149414,5.07611083984375,5.252222061157227,5.451111316680908,5.564444541931152,5.159375190734863,5.536250114440918,5.07611083984375,5.451111316680908
a210,F,Warsaw,False,210,887,216.75999450683594,231.06666564941406,240.9066619873047,0.035877201706171036,1.0358772277832031,0.03945885005636979,0.04579266160726547,0.8737316798196166,0.11950394588500564,0.006764374295377677,0.0,5.005499839782715,5.195833206176758,5.351666450500488,5.583333492279053,5.679666519165039,4.989999771118164,5.171666622161865,5.340000152587891,5.551666736602783,5.6626667976379395,5.195833206176758,5.583333492279053,5.171666622161865,5.551666736602783
a210,F,Washington,False,210,10181,216.86666870117188,232.14999389648438,252.35000610351562,0.06684775650501251,1.066847801208496,0.1384932717807681,0.0809556096792221,0.6887339161182595,0.2829780964541794,0.024064433749140555,0.004223553678420588,4.9633331298828125,5.130000114440918,5.323333263397217,5.53249979019165,5.753333568572998,4.92888879776001,5.083333492279053,5.269999980926514,5.47777795791626,5.69777774810791,5.130000114440918,5.53249979019165,5.083333492279053,5.47777795791626
a210,M,Amsterdam,False,210,38559,214.11666870117188,228.0833282470703,239.14999389648438,0.07411476224660873,1.0741146802902222,0.1945589875256101,0.08334383368492126,0.6774293939158174,0.27866386576415364,0.03856427811924583,0.005342462200783216,4.858333110809326,4.994166851043701,5.2133331298828125,5.426666736602783,5.5941667556762695,4.844444274902344,4.976666450500488,5.187777996063232,5.401111125946045,5.566666603088379,4.994166851043701,5.426666736602783,4.976666450500488,5.401111125946045
a210,M,Auckland,False,210,583,214.92666625976562,228.88333129882812,239.22999572753906,0.09792634099721909,1.097926378250122,0.27787307032590053,0.10752474516630173,0.5420240137221269,0.3910806174957118,0.05660377358490566,0.010291595197255575,4.806666851043701,4.924583435058594,5.191666603088379,5.374166488647461,5.554666519165039,4.803999900817871,4.914999961853027,5.17555570602417,5.3561110496521,5.5273332595825195,4.924583435058594,5.374166488647461,4.914999961853027,5.3561110496521
a210,M,Austin,False,210,1040,215.46665954589844,229.2916717529297,243.125,0.10597100108861923,1.1059709787368774,0.30096153846153845,0.11584829539060593,0.5307692307692308,0.3769230769230769,0.07692307692307693,0.015384615384615385,4.816499710083008,4.972499847412109,5.181666851043701,5.3902082443237305,5.557499885559082,4.807555675506592,4.965555667877197,5.141110897064209,5.350277900695801,5.521222114562988,4.972499847412109,5.3902082443237305,4.965555667877197,5.350277900695801
a210,M,Barcelona,False,210,12525,212.63333129882812,225.14999389648438,237.39999389648438,0.03862546756863594,1.0386253595352173,0.19840319361277445,0.07643196731805801,0.7233532934131737,0.24303393213572855,0.028023952095808383,0.005588822355289421,4.883333206176758,5.024166584014893,5.231666564941406,5.444166660308838,5.638833522796631,4.80555534362793,4.940000057220459,5.0933332443237305,5.301111221313477,5.464444637298584,5.024166584014893,5.444166660308838,4.940000057220459,5.301111221313477
a210,M,Berlin,True,210,137985,214.5833282470703,229.36666870117188,243.81666564941406,0.07986140251159668,1.0798615217208862,0.19117295358191108,0.08378111571073532,0.682552451353408,0.27234119650686667,0.03809109685835417,0.007015255281371163,4.872499942779541,5.011666774749756,5.237500190734863,5.459166526794434,5.637499809265137,4.875555515289307,5.011111259460449,5.236666679382324,5.457777976989746,5.634444236755371,5.011666774749756,5.459166526794434,5.011111259460449,5.457777976989746
a210,M,Boston,True,210,14459,213.1999969482422,225.9499969482422,239.50332641601562,0.12308456003665924,1.123084545135498,0.27512276091015975,0.12241186946630478,0.5189847154021716,0.36980427415450584,0.08894114392419947,0.02226986651912304,4.6591668128967285,4.864999771118164,5.070000171661377,5.307499885559082,5.513333320617676,4.686666488647461,4.87666654586792,5.078888893127441,5.309999942779541,5.515777587890625,4.864999771118164,5.307499885559082,4.87666654586792,5.309999942779541
a210,M,Chicago,True,210,12729,213.71665954589844,227.13333129882812,239.0,0.09652207046747208,1.0965222120285034,0.2843899756461623,0.10212939977645874,0.603975174797706,0.3158142823473957,0.06583392253908397,0.014376620315814282,4.74233341217041,4.940000057220459,5.148333549499512,5.375833511352539,5.559333324432373,4.746666431427002,4.933333396911621,5.1322221755981445,5.361111164093018,5.539999961853027,4.940000057220459,5.375833511352539,4.933333396911621,5.361111164093018
a210,M,Copenhagen,False,210,25316,214.89999389648438,229.71665954589844,244.22500610351562,0.08970578759908676,1.0897058248519897,0.24924948649075684,0.09411004185676575,0.634697424553642,0.30198293569284246,0.05407647337652078,0.009243166376994787,4.866666793823242,4.991666793823242,5.210833549499512,5.441666603088379,5.621666431427002,4.864444255828857,4.993333339691162,5.214444637298584,5.440000057220459,5.6177778244018555,4.991666793823242,5.441666603088379,4.993333339691162,5.440000057220459
a210,M,Dubai,False,210,935,215.06333923339844,227.98333740234375,238.02000427246094,0.10730589181184769,1.107305884361267,0.31016042780748665,0.11270621418952942,0.5550802139037433,0.3593582887700535,0.06951871657754011,0.016042780748663103,4.721166610717773,4.922916412353516,5.104166507720947,5.337083339691162,5.483500003814697,4.71999979019165,4.904999732971191,5.097777843475342,5.320000171661377,5.470666885375977,4.922916412353516,5.337083339691162,4.904999732971191,5.320000171661377
a210,M,Eindhoven,False,210,6681,214.78334045410156,228.3333282470703,239.35000610351562,0.08271089196205139,1.0827109813690186,0.2255650351743751,0.08631809055805206,0.665768597515342,0.2804969315970663,0.047747343212094,0.00598712767549768,4.848333358764648,4.9741668701171875,5.2216668128967285,5.4066667556762695,5.613333225250244,4.852222442626953,4.980000019073486,5.226666450500488,5.4066667556762695,5.616666793823242,4.9741668701171875,5.4066667556762695,4.980000019073486,5.4066667556762695
a210,M,Gold Coast,False,210,5943,214.5833282470703,228.6999969482422,239.56666564941406,0.10886513441801071,1.1088651418685913,0.37775534241965336,0.11472639441490173,0.5451792024230186,0.3570587245498906,0.07992596331818946,0.01783610970890123,4.760833263397217,4.928333282470703,5.1533331871032715,5.383333206176758,5.551666736602783,4.761111259460449,4.922222137451172,5.144444465637207,5.376111030578613,5.545555591583252,4.928333282470703,5.383333206176758,4.922222137451172,5.376111030578613
a210,M,Hamburg,False,210,1578,212.65667724609375,221.61666870117188,228.5050048828125,0.04786498099565506,1.0478650331497192,0.09188846641318124,0.058540619909763336,0.8079847908745247,0.18250950570342206,0.008238276299112801,0.0012674271229404308,4.869999885559082,4.9708333015441895,5.129166603088379,5.276666641235352,5.358333110809326,4.837777614593506,4.939167022705078,5.096111297607422,5.243333339691162,5.331444263458252,4.9708333015441895,5.276666641235352,4.939167022705078,5.243333339691162
a210,M,Helsinki,False,210,1657,215.68666076660156,232.39999389648438,247.6566619873047,0.09103034436702728,1.0910303592681885,0.21967410983705493,0.10638315230607986,0.5618587809293905,0.36813518406759205,0.058539529269764634,0.011466505733252867,4.87666654586792,5.009166717529297,5.273333549499512,5.504166603088379,5.661333084106445,4.837777614593506,4.960000038146973,5.201111316680908,5.408888816833496,5.5804443359375,5.009166717529297,5.504166603088379,4.960000038146973,5.408888816833496
a210,M,London,True,210,34784,214.3000030517578,228.35000610351562,239.38333129882812,0.10471273213624954,1.104712724685669,0.2453714351425943,0.1011708676815033,0.6001322447102115,0.33207796688132474,0.055830266789328425,0.011959521619135235,4.7816667556762695,4.950833320617676,5.140416622161865,5.363333225250244,5.550833225250244,4.814444541931152,4.975555419921875,5.168889045715332,5.389999866485596,5.579999923706055,4.950833320617676,5.363333225250244,4.975555419921875,5.389999866485596
a210,M,Madrid,False,210,28672,213.6666717529297,226.75,238.39999389648438,0.07414853572845459,1.0741485357284546,0.3016880580357143,0.10843601077795029,0.5491768973214286,0.3904506138392857,0.05332728794642857,0.007045200892857143,4.822500228881836,4.9666666984558105,5.166666507720947,5.398333549499512,5.5966668128967285,4.722222328186035,4.856666564941406,5.023333549499512,5.228888988494873,5.401111125946045,4.9666666984558105,5.398333549499512,4.856666564941406,5.228888988494873
a210,M,Melbourne,False,210,78,213.0366668701172,224.68333435058594,235.9149932861328,0.08579255640506744,1.0857926607131958,0.28205128205128205,0.09553143382072449,0.5641025641025641,0.3974358974358974,0.038461538461538464,0.0,4.784999847412109,4.927708625793457,5.042916774749756,5.24833345413208,5.484999656677246,4.773333549499512,4.894721984863281,5.019999980926514,5.212500095367432,5.366555690765381,4.927708625793457,5.24833345413208,4.894721984863281,5.212500095367432
a210,M,New York,True,210,36109,214.85000610351562,229.76666259765625,248.05332946777344,0.12030694633722305,1.1203069686889648,0.31562768284915116,0.12175071984529495,0.5097067213160154,0.3833947215375668,0.08790052341521504,0.01899803373120275,4.754166603088379,4.9375,5.146666526794434,5.389166831970215,5.598333358764648,4.763333320617676,4.940000057220459,5.147777557373047,5.389999866485596,5.598888874053955,4.9375,5.389166831970215,4.940000057220459,5.389999866485596
a210,M,Oslo,False,210,2200,215.0833282470703,228.63333129882812,239.60166931152344,0.09134895354509354,1.0913490056991577,0.3281818181818182,0.10504337400197983,0.5686363636363636,0.35863636363636364,0.06227272727272727,0.010454545454545454,4.8398332595825195,4.9708333015441895,5.184999942779541,5.369999885559082,5.5958333015441895,4.813333511352539,4.938889026641846,5.148889064788818,5.323611259460449,5.568999767303467,4.9708333015441895,5.369999885559082,4.938889026641846,5.323611259460449
a210,M,Paris,False,210,22406,213.625,227.19166564941406,238.1999969482422,0.08261875063180923,1.0826188325881958,0.23538337945193252,0.08722958713769913,0.6641524591627243,0.29411764705882354,0.03619566187628314,0.005534231902169062,4.836666584014893,4.96750020980835,5.1541666984558105,5.356666564941406,5.517499923706055,4.840000152587891,4.967777729034424,5.151111125946045,5.353333473205566,5.511111259460449,4.96750020980835,5.356666564941406,4.967777729034424,5.353333473205566
a210,M,Prague,False,210,2511,213.89999389648438,228.48333740234375,239.81666564941406,0.07296308130025864,1.072962999343872,0.3329350856232577,0.1120339035987854,0.5284747112704102,0.39824771007566706,0.06053365193150139,0.012743926722421346,4.815000057220459,4.9979166984558105,5.222499847412109,5.469583511352539,5.708333492279053,4.730000019073486,4.883333206176758,5.046666622161865,5.246666431427002,5.417778015136719,4.9979166984558105,5.469583511352539,4.883333206176758,5.246666431427002
a210,M,Rotterdam,False,210,34801,215.1999969482422,230.03334045410156,245.39999389648438,0.09371214359998703,1.0937120914459229,0.2669750869227896,0.09796032309532166,0.6079997701215483,0.33119737938564986,0.053331800810321545,0.007471049682480389,4.8491668701171875,4.985833168029785,5.214166641235352,5.434999942779541,5.613333225250244,4.844444274902344,4.976666450500488,5.205555438995361,5.426666736602783,5.603333473205566,4.985833168029785,5.434999942779541,4.976666450500488,5.426666736602783
a210,M,Singapore,False,210,668,214.34832763671875,230.49166870117188,238.90499877929688,0.05262138321995735,1.0526214838027954,0.15419161676646706,0.06494124233722687,0.7784431137724551,0.17964071856287425,0.038922155688622756,0.0029940119760479044,4.921999931335449,5.054791450500488,5.315000057220459,5.555624961853027,5.680500030517578,4.918222427368164,5.052499771118164,5.300000190734863,5.521389007568359,5.648110866546631,5.054791450500488,5.555624961853027,5.052499771118164,5.521389007568359
a210,M,Stockholm,False,210,2230,213.7483367919922,227.43333435058594,238.61666870117188,0.06180821731686592,1.0618082284927368,0.10269058295964126,0.06796184927225113,0.7605381165919283,0.22062780269058296,0.016591928251121078,0.002242152466367713,4.877416610717773,5.010208606719971,5.232500076293945,5.431666851043701,5.563666820526123,4.888777732849121,5.011111259460449,5.22777795791626,5.4252777099609375,5.553333282470703,5.010208606719971,5.431666851043701,5.011111259460449,5.4252777099609375
a210,M,Sydney,False,210,1427,214.913330078125,228.61666870117188,239.27333068847656,0.10007546842098236,1.100075364112854,0.3020322354590049,0.10610230267047882,0.5788367203924317,0.3475823405746321,0.06166783461807989,0.011913104414856343,4.834166526794434,4.953750133514404,5.171666622161865,5.37666654586792,5.56083345413208,4.849555492401123,4.968888759613037,5.183333396911621,5.3872222900390625,5.561999797821045,4.953750133514404,5.37666654586792,4.968888759613037,5.3872222900390625
a210,M,Valencia,False,210,18261,213.43333435058594,226.4166717529297,238.98333740234375,0.07598486542701721,1.0759849548339844,0.21723892448387275,0.08673509210348129,0.6731285252724385,0.27649088220798423,0.04172827336947593,0.008652319150101308,4.835833549499512,4.978333473205566,5.180833339691162,5.395833492279053,5.579166889190674,4.814444541931152,4.951111316680908,5.146666526794434,5.360000133514404,5.541110992431641,4.978333473205566,5.395833492279053,4.951111316680908,5.360000133514404
a210,M,Warsaw,False,210,7110,215.01666259765625,229.64999389648438,243.75,0.07752072811126709,1.077520728111267,0.21181434599156118,0.08600302785634995,0.6710267229254571,0.2769338959212377,0.04360056258790436,0.008438818565400843,4.888333320617676,5.018333435058594,5.265416622161865,5.463958263397217,5.642499923706055,4.877666473388672,5.0,5.245555400848389,5.437777996063232,5.624555587768555,5.018333435058594,5.463958263397217,5.0,5.437777996063232
a210,M,Washington,False,210,24906,215.9166717529297,231.86666870117188,257.9166564941406,0.10835032910108566,1.108350396156311,0.36031478358628444,0.12381905317306519,0.49843411226210554,0.3866538183570224,0.09411386814422228,0.020798201236649803,4.800833225250244,4.990833282470703,5.241666793823242,5.489999771118164,5.730833530426025,4.7588887214660645,4.945555686950684,5.183333396911621,5.4277777671813965,5.673333168029785,4.990833282470703,5.489999771118164,4.945555686950684,5.4277777671813965
a240,F,Amsterdam,False,240,11566,243.22500610351562,255.76666259765625,267.9166564941406,0.06561915576457977,1.0656191110610962,0.10159086979076604,0.07234036177396774,0.7247103579457029,0.2599861663496455,0.014352412242780563,0.0009510634618710012,5.553333282470703,5.684166431427002,5.854583263397217,6.047500133514404,6.2241668701171875,5.542222023010254,5.667778015136719,5.836666584014893,6.032222270965576,6.207777976989746,5.684166431427002,6.047500133514404,5.667778015136719,6.032222270965576
a240,F,Auckland,False,240,187,243.6233367919922,255.61666870117188,267.1866760253906,0.08759187161922455,1.0875918865203857,0.18181818181818182,0.09636355936527252,0.5935828877005348,0.3689839572192513,0.0374331550802139,0.0,5.48633337020874,5.62333345413208,5.795833110809326,6.003749847412109,6.189666748046875,5.483111381530762,5.610555648803711,5.773333549499512,5.994999885559082,6.124444484710693,5.62333345413208,6.003749847412109,5.610555648803711,5.994999885559082
a240,F,Austin,False,240,557,244.95999145507812,258.54998779296875,269.4233093261719,0.09532773494720459,1.0953277349472046,0.20646319569120286,0.10357880592346191,0.5296229802513465,0.4254937163375224,0.04488330341113106,0.0,5.448500156402588,5.614166736602783,5.8441667556762695,6.050000190734863,6.288666725158691,5.427555561065674,5.595555782318115,5.825555324554443,6.0088887214660645,6.244222164154053,5.614166736602783,6.050000190734863,5.595555782318115,6.0088887214660645
a240,F,Barcelona,False,240,3419,242.43333435058594,254.26666259765625,266.9666748046875,0.043542295694351196,1.0435422658920288,0.15092132202398362,0.07920370995998383,0.689090377303305,0.2880959344837672,0.019596373208540508,0.0032173150043872476,5.565000057220459,5.713749885559082,5.887499809265137,6.100833415985107,6.291666507720947,5.458666801452637,5.601110935211182,5.745555400848389,5.94944429397583,6.141333103179932,5.713749885559082,6.100833415985107,5.601110935211182,5.94944429397583
a240,F,Berlin,True,240,44948,243.6666717529297,257.3999938964844,269.3166809082031,0.06887677311897278,1.0688767433166504,0.10247396992079737,0.0710524469614029,0.7386980510812494,0.24448251312627925,0.015084097178962357,0.0017353386135089436,5.559166431427002,5.695833206176758,5.886666774749756,6.0966668128967285,6.298333168029785,5.575555324554443,5.706666469573975,5.900000095367432,6.108889102935791,6.304444313049316,5.695833206176758,6.0966668128967285,5.706666469573975,6.108889102935791
a240,F,Boston,True,240,9147,242.6666717529297,254.71665954589844,268.5833435058594,0.1158938780426979,1.115893840789795,0.20290805728654204,0.11233101785182953,0.5139389963922597,0.427134579643599,0.04996173608833497,0.008964687875806275,5.357500076293945,5.523333549499512,5.709166526794434,5.929166793823242,6.139999866485596,5.396666526794434,5.551111221313477,5.732222080230713,5.951111316680908,6.163333415985107,5.523333549499512,5.929166793823242,5.551111221313477,5.951111316680908
a240,F,Chicago,True,240,8902,243.31666564941406,256.4666748046875,268.4666748046875,0.08042112737894058,1.0804210901260376,0.17389350707706133,0.08561171591281891,0.6547966749045159,0.3140867220849247,0.027409570882947654,0.0037070321276117726,5.49833345413208,5.651666641235352,5.833333492279053,6.044166564941406,6.235833168029785,5.502222061157227,5.647777557373047,5.823333263397217,6.0333333015441895,6.217777729034424,5.651666641235352,6.044166564941406,5.647777557373047,6.0333333015441895
a240,F,Copenhagen,False,240,8541,243.3000030517578,256.51666259765625,269.3833312988281,0.08500902354717255,1.0850090980529785,0.16344690317293056,0.08692212402820587,0.6432502048940405,0.3275963001990399,0.026226437185341296,0.0029270577215782696,5.516666889190674,5.65749979019165,5.829166889190674,6.020833492279053,6.207499980926514,5.525555610656738,5.662222385406494,5.833333492279053,6.028888702392578,6.214444637298584,5.65749979019165,6.020833492279053,5.662222385406494,6.028888702392578
a240,F,Dubai,False,240,264,244.2050018310547,256.2583312988281,267.8899841308594,0.10793059319257736,1.1079306602478027,0.25,0.10909953713417053,0.48863636363636365,0.4621212121212121,0.04924242424242424,0.0,5.419250011444092,5.554374694824219,5.74666690826416,5.968542098999023,6.14033317565918,5.426333427429199,5.573333263397217,5.747777938842773,5.968888759613037,6.123110771179199,5.554374694824219,5.968542098999023,5.573333263397217,5.968888759613037
a240,F,Eindhoven,False,240,1315,243.97999572753906,255.31666564941406,268.45001220703125,0.07937461882829666,1.0793746709823608,0.13840304182509505,0.07942352443933487,0.6798479087452471,0.29885931558935364,0.02129277566539924,0.0,5.527166366577148,5.6508331298828125,5.847499847412109,6.010833263397217,6.2126665115356445,5.545555591583252,5.664444446563721,5.858889102935791,6.0283331871032715,6.230222225189209,5.6508331298828125,6.010833263397217,5.664444446563721,6.0283331871032715
a240,F,Gold Coast,False,240,2471,243.5500030517578,256.5833435058594,268.76666259765625,0.10844739526510239,1.1084473133087158,0.29421286928369084,0.11052999645471573,0.49939295831647107,0.4479967624443545,0.04775394577094294,0.004856333468231485,5.431666851043701,5.574999809265137,5.74833345413208,5.96708345413208,6.172500133514404,5.446666717529297,5.583333492279053,5.752222061157227,5.975555419921875,6.159999847412109,5.574999809265137,5.96708345413208,5.583333492279053,5.975555419921875
a240,F,Helsinki,False,240,590,244.2949981689453,255.5333251953125,269.48834228515625,0.06796716898679733,1.067967176437378,0.13559322033898305,0.08875089883804321,0.6661016949152543,0.30677966101694915,0.022033898305084745,0.005084745762711864,5.576416969299316,5.7060418128967285,5.897083282470703,6.073124885559082,6.30816650390625,5.503111362457275,5.619999885559082,5.784444808959961,5.958889007568359,6.166777610778809,5.7060418128967285,6.073124885559082,5.619999885559082,5.958889007568359
a240,F,London,True,240,19734,243.71665954589844,257.29998779296875,269.23333740234375,0.09864362329244614,1.0986435413360596,0.1488294314381271,0.09204339236021042,0.6179183135704874,0.3523360697273741,0.027009222661396576,0.002736394040741867,5.475833415985107,5.62333345413208,5.792500019073486,6.009166717529297,6.211666584014893,5.524444580078125,5.663333415985107,5.835555553436279,6.051111221313477,6.256666660308838,5.62333345413208,6.009166717529297,5.663333415985107,6.051111221313477
a240,F,Madrid,False,240,4135,243.25,255.11666870117188,267.5766906738281,0.06346748769283295,1.0634675025939941,0.21451027811366385,0.09966816008090973,0.5646916565900847,0.407496977025393,0.025876662636033856,0.0019347037484885128,5.496666431427002,5.65500020980835,5.855000019073486,6.073333263397217,6.260499954223633,5.373777866363525,5.515555381774902,5.674444675445557,5.863888740539551,6.032222270965576,5.65500020980835,6.073333263397217,5.515555381774902,5.863888740539551
a240,F,Melbourne,False,240,35,242.52999877929688,254.61666870117188,264.6166687011719,0.0669277235865593,1.0669279098510742,0.14285714285714285,0.08088564872741699,0.7142857142857143,0.2857142857142857,0.0,0.0,5.544333457946777,5.6566667556762695,5.762499809265137,5.975000381469727,6.046999931335449,5.53088903427124,5.6177778244018555,5.72777795791626,5.877222061157227,5.924666881561279,5.6566667556762695,5.975000381469727,5.6177778244018555,5.877222061157227
a240,F,New York,True,240,26574,244.06666564941406,258.1499938964844,270.45001220703125,0.10305196791887283,1.103052020072937,0.18510574245503122,0.10238901525735855,0.5585534733197862,0.4002408369082562,0.0358244901031083,0.005381199668849251,5.4658331871032715,5.62333345413208,5.81083345413208,6.035833358764648,6.25166654586792,5.486666679382324,5.634444236755371,5.82111120223999,6.048888683319092,6.265555381774902,5.62333345413208,6.035833358764648,5.634444236755371,6.048888683319092
a240,F,Oslo,False,240,575,243.89666748046875,256.20001220703125,268.7033386230469,0.07430247217416763,1.0743024349212646,0.17739130434782607,0.0880383849143982,0.6278260869565218,0.35304347826086957,0.01565217391304348,0.0034782608695652175,5.536999702453613,5.652500152587891,5.867499828338623,6.067083358764648,6.289999961853027,5.52488899230957,5.635000228881836,5.829999923706055,6.046111106872559,6.275777816772461,5.652500152587891,6.067083358764648,5.635000228881836,6.046111106872559
a240,F,Paris,False,240,7916,243.1666717529297,255.7916717529297,267.4666748046875,0.0788264274597168,1.0788264274597168,0.15727640222334513,0.08155204355716705,0.6800151591712986,0.3021728145528044,0.01591712986356746,0.0018948964123294593,5.510833263397217,5.651666641235352,5.811666488647461,6.007500171661377,6.167500019073486,5.519999980926514,5.657777786254883,5.8188886642456055,6.011111259460449,6.164999961853027,5.651666641235352,6.007500171661377,5.657777786254883,6.011111259460449
a240,F,Prague,False,240,644,243.72166442871094,257.82501220703125,269.3066711425781,0.02747621014714241,1.027476191520691,0.17701863354037267,0.08854500204324722,0.6242236024844721,0.35093167701863354,0.023291925465838508,0.0015527950310559005,5.638000011444092,5.832499980926514,6.017083168029785,6.221875190734863,6.468083381652832,5.40922212600708,5.546388626098633,5.6777777671813965,5.86138916015625,6.052888870239258,5.832499980926514,6.221875190734863,5.546388626098633,5.86138916015625
a240,F,Rotterdam,False,240,10099,243.96665954589844,257.4166564941406,269.3333435058594,0.08111359924077988,1.081113576889038,0.13397366075849093,0.08319618552923203,0.6660065353005248,0.31201109020695117,0.020398059213783543,0.0015843152787404693,5.540833473205566,5.670000076293945,5.858333110809326,6.046666622161865,6.226666450500488,5.545555591583252,5.671111106872559,5.858889102935791,6.044444561004639,6.225555419921875,5.670000076293945,6.046666622161865,5.671111106872559,6.044444561004639
a240,F,Singapore,False,240,173,244.44332885742188,258.1166687011719,269.3133544921875,0.044545646756887436,1.0445456504821777,0.08670520231213873,0.05438778176903725,0.8034682080924855,0.1907514450867052,0.005780346820809248,0.0,5.5960001945495605,5.74833345413208,6.005000114440918,6.212500095367432,6.409000396728516,5.606888771057129,5.766666889190674,6.003333568572998,6.205555438995361,6.387777805328369,5.74833345413208,6.212500095367432,5.766666889190674,6.205555438995361
a240,F,Stockholm,False,240,1094,243.57167053222656,255.25833129882812,267.44500732421875,0.06116528809070587,1.0611652135849,0.07312614259597806,0.06720668077468872,0.7495429616087751,0.23857404021937842,0.010054844606946984,0.0018281535648994515,5.536916732788086,5.679583549499512,5.863333225250244,6.064791679382324,6.229499816894531,5.542222023010254,5.6811113357543945,5.872222423553467,6.046388626098633,6.219666481018066,5.679583549499512,6.064791679382324,5.6811113357543945,6.046388626098633
a240,F,Sydney,False,240,543,245.36000061035156,257.7166748046875,268.739990234375,0.09926556795835495,1.0992655754089355,0.23572744014732966,0.1003151535987854,0.567219152854512,0.4088397790055249,0.022099447513812154,0.001841620626151013,5.469333171844482,5.625,5.806666851043701,5.99708366394043,6.189833164215088,5.5128889083862305,5.657222270965576,5.823333263397217,6.014999866485596,6.220666885375977,5.625,5.99708366394043,5.657222270965576,6.014999866485596
a240,F,Valencia,False,240,555,242.59666442871094,253.98333740234375,267.67999267578125,0.04136725142598152,1.0413672924041748,0.12432432432432433,0.07336248457431793,0.7207207207207207,0.26846846846846845,0.010810810810810811,0.0,5.53849983215332,5.692083358764648,5.914166450500488,6.092499732971191,6.315500259399414,5.506666660308838,5.631111145019531,5.791110992431641,5.971111297607422,6.169777870178223,5.692083358764648,6.092499732971191,5.631111145019531,5.971111297607422
a240,F,Warsaw,False,240,1076,244.01666259765625,257.6499938964844,269.54998779296875,0.07349645346403122,1.0734965801239014,0.14405204460966542,0.07958436757326126,0.6765799256505576,0.30390334572490707,0.019516728624535316,0.0,5.571249961853027,5.694166660308838,5.900000095367432,6.067500114440918,6.244999885559082,5.566666603088379,5.677499771118164,5.896111011505127,6.063889026641846,6.250555515289307,5.694166660308838,6.067500114440918,5.677499771118164,6.063889026641846
a240,F,Washington,False,240,17972,244.88333129882812,259.6499938964844,279.83001708984375,0.08942282199859619,1.0894227027893066,0.23614511462274648,0.10286625474691391,0.5656020476296462,0.3768083685733363,0.05096817271310928,0.006621411083908302,5.505000114440918,5.671666622161865,5.9033331871032715,6.1508331298828125,6.395833492279053,5.458889007568359,5.62333345413208,5.849999904632568,6.10444450378418,6.360000133514404,5.671666622161865,6.1508331298828125,5.62333345413208,6.10444450378418
a240,M,Amsterdam,False,240,25055,242.6999969482422,254.6999969482422,268.1666564941406,0.12513290345668793,1.1251329183578491,0.3916583516264219,0.13151387870311737,0.44390341249251647,0.4363200957892636,0.10369187786868889,0.016084613849531033,5.306666851043701,5.512499809265137,5.6875,5.892499923706055,6.099999904632568,5.2977776527404785,5.493333339691162,5.667778015136719,5.87333345413208,6.085555553436279,5.512499809265137,5.892499923706055,5.493333339691162,5.87333345413208
a240,M,Auckland,False,240,464,242.47166442871094,253.93333435058594,266.96832275390625,0.15026342868804932,1.1502634286880493,0.5,0.15739165246486664,0.35344827586206895,0.46551724137931033,0.15732758620689655,0.023706896551724137,5.197666645050049,5.396458148956299,5.628749847412109,5.843125343322754,6.043333530426025,5.210333347320557,5.389721870422363,5.597777843475342,5.815555572509766,6.0112223625183105,5.396458148956299,5.843125343322754,5.389721870422363,5.815555572509766
a240,M,Austin,False,240,974,245.02499389648438,258.25,271.25,0.1534794121980667,1.1534793376922607,0.47125256673511295,0.1614253968000412,0.3470225872689938,0.4527720739219713,0.162217659137577,0.037987679671457907,5.2477498054504395,5.457291603088379,5.680000305175781,5.984583377838135,6.207499980926514,5.2414445877075195,5.441111087799072,5.642777919769287,5.94944429397583,6.172999858856201,5.457291603088379,5.984583377838135,5.441111087799072,5.94944429397583
a240,M,Barcelona,False,240,8030,242.03334045410156,252.78334045410156,266.26666259765625,0.08274837583303452,1.082748293876648,0.41257783312577834,0.12643924355506897,0.46488169364881693,0.4328767123287671,0.08679950186799502,0.015442092154420922,5.337416648864746,5.563333511352539,5.758333206176758,5.991666793823242,6.231666564941406,5.238888740539551,5.433333396911621,5.622222423553467,5.7866668701171875,5.988888740539551,5.563333511352539,5.991666793823242,5.433333396911621,5.7866668701171875
a240,M,Berlin,True,240,98209,243.28334045410156,256.29998779296875,270.3333435058594,0.11976951360702515,1.1197694540023804,0.3431151931085746,0.12108402699232101,0.48882485311936785,0.41572564632569314,0.08098035821564215,0.014469142339296805,5.366666793823242,5.556666851043701,5.732500076293945,5.96750020980835,6.210833549499512,5.3822221755981445,5.565555572509766,5.7377777099609375,5.973333358764648,6.21999979019165,5.556666851043701,5.96750020980835,5.565555572509766,5.973333358764648
a240,M,Boston,True,240,7370,242.96665954589844,255.35000610351562,269.0333251953125,0.16087563335895538,1.160875678062439,0.3926729986431479,0.15856719017028809,0.3614654002713704,0.464314789687924,0.1322930800542741,0.04192672998643148,5.172416687011719,5.419166564941406,5.639999866485596,5.865833282470703,6.102583408355713,5.210000038146973,5.441111087799072,5.647777557373047,5.877777576446533,6.119999885559082,5.419166564941406,5.865833282470703,5.441111087799072,5.877777576446533
a240,M,Chicago,True,240,8789,243.16000366210938,255.76666259765625,268.70001220703125,0.1416167914867401,1.1416168212890625,0.47775628626692457,0.14570829272270203,0.3979974968710889,0.44988053248378657,0.12481510979633632,0.027306860848788257,5.244833469390869,5.482500076293945,5.671666622161865,5.894999980926514,6.12766695022583,5.255555629730225,5.475555419921875,5.657777786254883,5.880000114440918,6.113333225250244,5.482500076293945,5.894999980926514,5.475555419921875,5.880000114440918
a240,M,Copenhagen,False,240,16809,243.0833282470703,255.78334045410156,269.3500061035156,0.14400194585323334,1.144001841545105,0.4514248319352728,0.14552141726016998,0.3877684573740258,0.46147896959961926,0.1272532571836516,0.023499315842703313,5.276666641235352,5.477499961853027,5.670833110809326,5.882500171661377,6.100833415985107,5.285555362701416,5.480000019073486,5.672222137451172,5.8822221755981445,6.105555534362793,5.477499961853027,5.882500171661377,5.480000019073486,5.8822221755981445
a240,M,Dubai,False,240,918,243.336669921875,255.1999969482422,267.260009765625,0.16635160148143768,1.166351556777954,0.5555555555555556,0.16960768401622772,0.3082788671023965,0.4738562091503268,0.17320261437908496,0.044662309368191724,5.171416759490967,5.3779168128967285,5.590000152587891,5.806458473205566,6.013000011444092,5.179778099060059,5.37666654586792,5.582777976989746,5.781111240386963,5.995888710021973,5.3779168128967285,5.806458473205566,5.37666654586792,5.781111240386963
a240,M,Eindhoven,False,240,3734,243.11666870117188,254.5,268.75,0.1405748575925827,1.1405749320983887,0.450990894483128,0.14080063998699188,0.4151044456347081,0.43947509373326193,0.12453133369041243,0.02088912694161757,5.258333206176758,5.457499980926514,5.649166584014893,5.9008331298828125,6.077583312988281,5.268111228942871,5.467777729034424,5.663333415985107,5.904444217681885,6.09411096572876,5.457499980926514,5.9008331298828125,5.467777729034424,5.904444217681885
a240,M,Gold Coast,False,240,4125,243.5833282470703,256.3166809082031,269.0333251953125,0.1759050190448761,1.1759051084518433,0.6286060606060606,0.17854860424995422,0.28775757575757577,0.48024242424242425,0.18715151515151515,0.044848484848484846,5.186666488647461,5.40500020980835,5.59499979019165,5.807499885559082,6.0308332443237305,5.19444465637207,5.4033331871032715,5.594444274902344,5.804444313049316,6.024444580078125,5.40500020980835,5.807499885559082,5.4033331871032715,5.804444313049316
a240,M,Helsinki,False,240,1391,243.75,256.8166809082031,278.8500061035156,0.11740478873252869,1.117404818534851,0.36089144500359455,0.1380184143781662,0.396117900790798,0.47591660675772823,0.10855499640546369,0.019410496046010063,5.34499979019165,5.595000267028809,5.755833148956299,6.024583339691162,6.34250020980835,5.2977776527404785,5.515555381774902,5.6566667556762695,5.904444694519043,6.176666736602783,5.595000267028809,6.024583339691162,5.515555381774902,5.904444694519043
a240,M,London,True,240,28673,243.1666717529297,255.96665954589844,268.3833312988281,0.15817591547966003,1.1581759452819824,0.436019949081017,0.15055638551712036,0.3580023018170404,0.49168207024029575,0.12726258152268685,0.02305304641997698,5.236666679382324,5.440833568572998,5.631666660308838,5.821666717529297,6.052499771118164,5.288888931274414,5.488888740539551,5.671111106872559,5.864444255828857,6.096444606781006,5.440833568572998,5.821666717529297,5.488888740539551,5.864444255828857
a240,M,Madrid,False,240,22864,242.51666259765625,254.0416717529297,267.1333312988281,0.0947529599070549,1.0947529077529907,0.4722270818754374,0.1443694531917572,0.38772743177046887,0.4736266620013996,0.11839573128061581,0.020250174947515746,5.314416408538818,5.538333415985107,5.768333435058594,6.009166717529297,6.231666564941406,5.167778015136719,5.352222442626953,5.525555610656738,5.710000038146973,5.898889064788818,5.538333415985107,6.009166717529297,5.352222442626953,5.710000038146973
a240,M,Melbourne,False,240,56,241.67498779296875,257.066650390625,267.8666687011719,0.10970152169466019,1.1097015142440796,0.44642857142857145,0.12536640465259552,0.44642857142857145,0.48214285714285715,0.07142857142857142,0.0,5.322083473205566,5.583125114440918,5.7708330154418945,5.933958053588867,6.087916374206543,5.2572221755981445,5.521389007568359,5.693333148956299,5.829999923706055,6.040555953979492,5.583125114440918,5.933958053588867,5.521389007568359,5.829999923706055
a240,M,New York,True,240,32319,243.56333923339844,257.3666687011719,273.3166809082031,0.16401194036006927,1.1640119552612305,0.4709304124508803,0.16229800879955292,0.32293697205977906,0.49184690120362634,0.15285126396237508,0.0323648627742195,5.230000019073486,5.449999809265137,5.6566667556762695,5.880833148956299,6.138500213623047,5.257777690887451,5.465555667877197,5.662222385406494,5.889999866485596,6.157777786254883,5.449999809265137,5.880833148956299,5.465555667877197,5.889999866485596
a240,M,Oslo,False,240,1340,242.56666564941406,254.89999389648438,268.385009765625,0.1378372758626938,1.137837290763855,0.5186567164179104,0.152915358543396,0.376865671641791,0.44402985074626866,0.15074626865671642,0.028358208955223882,5.2555832862854,5.470624923706055,5.637499809265137,5.874166488647461,6.138583183288574,5.236444473266602,5.441111087799072,5.620555400848389,5.832499980926514,6.0923333168029785,5.470624923706055,5.874166488647461,5.441111087799072,5.832499980926514
a240,M,Paris,False,240,17368,242.6949920654297,254.14166259765625,267.23333740234375,0.14106225967407227,1.1410622596740723,0.4761054813450023,0.142303466796875,0.39112160294795023,0.4724781206817135,0.11895439889451866,0.017445877475817596,5.263333320617676,5.452499866485596,5.641666889190674,5.819166660308838,6.017749786376953,5.276666641235352,5.4633331298828125,5.64555549621582,5.8222222328186035,6.021444320678711,5.452499866485596,5.819166660308838,5.4633331298828125,5.8222222328186035
a240,M,Prague,False,240,2365,242.71665954589844,255.9499969482422,269.4533386230469,0.0812273770570755,1.0812273025512695,0.4790697674418605,0.14392401278018951,0.40042283298097253,0.4397463002114165,0.13403805496828752,0.025792811839323467,5.368666648864746,5.608333110809326,5.864166736602783,6.114166736602783,6.356666564941406,5.176666736602783,5.352222442626953,5.5477776527404785,5.717777729034424,5.946666717529297,5.608333110809326,6.114166736602783,5.352222442626953,5.717777729034424
a240,M,Rotterdam,False,240,25932,243.35000610351562,256.1833190917969,269.7166748046875,0.14085854589939117,1.1408586502075195,0.45607743328705846,0.14275045692920685,0.3862023754434675,0.47879068332562086,0.11807805028536171,0.0169288909455499,5.311666488647461,5.503333568572998,5.677499771118164,5.890833377838135,6.099916458129883,5.316666603088379,5.503333568572998,5.672222137451172,5.883333206176758,6.095555782318115,5.503333568572998,5.890833377838135,5.503333568572998,5.883333206176758
a240,M,Singapore,False,240,938,243.9949951171875,256.8500061035156,267.6816711425781,0.09204081445932388,1.092040777206421,0.3017057569296375,0.10370839387178421,0.5746268656716418,0.3486140724946695,0.060767590618336885,0.015991471215351813,5.41058349609375,5.615624904632568,5.806666851043701,6.038541793823242,6.292500019073486,5.407444477081299,5.597777843475342,5.782222270965576,6.021389007568359,6.278888702392578,5.615624904632568,6.038541793823242,5.597777843475342,6.021389007568359
a240,M,Stockholm,False,240,1560,244.41500854492188,256.8500061035156,268.068359375,0.10165810585021973,1.1016581058502197,0.2692307692307692,0.10672404617071152,0.5532051282051282,0.3717948717948718,0.06666666666666667,0.008333333333333333,5.3749165534973145,5.559166431427002,5.769999980926514,5.983749866485596,6.209416389465332,5.378555774688721,5.559999942779541,5.761111259460449,5.988888740539551,6.187777996063232,5.559166431427002,5.983749866485596,5.559999942779541,5.988888740539551
a240,M,Sydney,False,240,1078,244.04666137695312,256.6000061035156,268.8166809082031,0.16200442612171173,1.1620042324066162,0.5677179962894249,0.1631556749343872,0.349721706864564,0.44990723562152135,0.15955473098330242,0.04081632653061224,5.202916622161865,5.415416717529297,5.633333206176758,5.879583358764648,6.102499961853027,5.224111080169678,5.440000057220459,5.652777671813965,5.913055419921875,6.122555732727051,5.415416717529297,5.879583358764648,5.440000057220459,5.913055419921875
a240,M,Valencia,False,240,8983,242.6199951171875,254.10000610351562,268.1499938964844,0.1264951229095459,1.1264950037002563,0.41400423021262384,0.1347123235464096,0.44973839474563065,0.4206835133029055,0.10709117221418235,0.022486919737281532,5.288333415985107,5.506249904632568,5.684999942779541,5.899583339691162,6.09499979019165,5.274444580078125,5.484444618225098,5.659999847412109,5.8677778244018555,6.059999942779541,5.506249904632568,5.899583339691162,5.484444618225098,5.8677778244018555
a240,M,Warsaw,False,240,4055,243.21665954589844,255.75,269.1833190917969,0.12882155179977417,1.1288214921951294,0.42367447595561036,0.1342586725950241,0.4244143033292232,0.45425400739827376,0.10900123304562269,0.012330456226880395,5.329999923706055,5.545833110809326,5.690833568572998,5.920000076293945,6.119999885559082,5.3215556144714355,5.527777671813965,5.671111106872559,5.905555725097656,6.115333557128906,5.545833110809326,5.920000076293945,5.527777671813965,5.905555725097656
a240,M,Washington,False,240,27824,244.1666717529297,259.3333435058594,285.1499938964844,0.14737270772457123,1.1473727226257324,0.5103507763082231,0.16139081120491028,0.35447814836112707,0.44537090281771136,0.15784933870040252,0.04230161012075906,5.291666507720947,5.514999866485596,5.739166736602783,6.026666641235352,6.324999809265137,5.246666431427002,5.4633331298828125,5.682222366333008,5.974444389343262,6.288888931274414,5.514999866485596,6.026666641235352,5.4633331298828125,5.974444389343262
a270,F,Amsterdam,False,270,7915,272.6166687011719,283.6333312988281,296.7833251953125,0.10289336740970612,1.1028934717178345,0.22438408085912823,0.10539370775222778,0.5431459254579911,0.401010739102969,0.0525584333543904,0.0032849020846494,6.007500171661377,6.200833320617676,6.402500152587891,6.612500190734863,6.797999858856201,6.021111011505127,6.206666469573975,6.4066667556762695,6.6177778244018555,6.812222003936768,6.200833320617676,6.612500190734863,6.206666469573975,6.6177778244018555
a270,F,Auckland,False,270,86,275.933349609375,287.5333251953125,299.35833740234375,0.13033583760261536,1.130335807800293,0.4186046511627907,0.1333526372909546,0.36046511627906974,0.6046511627906976,0.023255813953488372,0.011627906976744186,6.010000228881836,6.153958320617676,6.423333168029785,6.615833282470703,6.890000343322754,6.001667022705078,6.185832977294922,6.412221908569336,6.657222270965576,6.886666774749756,6.153958320617676,6.615833282470703,6.185832977294922,6.657222270965576
a270,F,Austin,False,270,656,274.0249938964844,286.76666259765625,299.07501220703125,0.12437698245048523,1.1243770122528076,0.27896341463414637,0.1257917881011963,0.4405487804878049,0.4725609756097561,0.07164634146341463,0.01524390243902439,5.961250305175781,6.167083263397217,6.4370832443237305,6.674166679382324,6.894999980926514,5.992221832275391,6.191111087799072,6.435555458068848,6.679999828338623,6.9033331871032715,6.167083263397217,6.674166679382324,6.191111087799072,6.679999828338623
a270,F,Barcelona,False,270,2113,272.0666809082031,282.3833312988281,295.6499938964844,0.08363638818264008,1.0836364030838013,0.2782773308092759,0.1133253276348114,0.5026029342167534,0.4264079507808803,0.06436346426881212,0.006625650733554188,6.023166656494141,6.235000133514404,6.445000171661377,6.65749979019165,6.852333068847656,5.924666881561279,6.1177778244018555,6.332221984863281,6.525555610656738,6.70977783203125,6.235000133514404,6.65749979019165,6.1177778244018555,6.525555610656738
a270,F,Berlin,True,270,37105,272.8999938964844,285.25,298.5,0.09081703424453735,1.0908169746398926,0.16803665274221802,0.08912958949804306,0.6329335669047298,0.3308718501549656,0.032313704352513135,0.0038808785877914027,6.070000171661377,6.273333549499512,6.482500076293945,6.704999923706055,6.9063334465026855,6.113333225250244,6.311110973358154,6.516666889190674,6.745555400848389,6.958889007568359,6.273333549499512,6.704999923706055,6.311110973358154,6.745555400848389
a270,F,Boston,True,270,5424,272.73333740234375,284.42498779296875,297.8949890136719,0.13235951960086823,1.132359504699707,0.24963126843657818,0.1255347728729248,0.4531710914454277,0.4609144542772861,0.07171828908554573,0.014196165191740414,5.892499923706055,6.119166851043701,6.352499961853027,6.57687520980835,6.7833333015441895,5.9525556564331055,6.176666736602783,6.397777557373047,6.628889083862305,6.837777614593506,6.119166851043701,6.57687520980835,6.176666736602783,6.628889083862305
a270,F,Chicago,True,270,5775,272.0333251953125,283.8333435058594,299.04998779296875,0.10396064817905426,1.1039607524871826,0.2522943722943723,0.10673584789037704,0.5501298701298701,0.3875324675324675,0.05350649350649351,0.008831168831168832,5.961999893188477,6.193333148956299,6.43916654586792,6.676249980926514,6.884166717529297,5.996666431427002,6.198888778686523,6.434444427490234,6.679999828338623,6.905111312866211,6.193333148956299,6.676249980926514,6.198888778686523,6.679999828338623
a270,F,Copenhagen,False,270,5292,272.7683410644531,284.3833312988281,298.1983337402344,0.12800662219524384,1.1280066967010498,0.29667422524565384,0.1255655288696289,0.4357520786092215,0.48356009070294786,0.0701058201058201,0.010582010582010581,5.954166889190674,6.15500020980835,6.364999771118164,6.565000057220459,6.755833148956299,5.982333183288574,6.172222137451172,6.386666774749756,6.588889122009277,6.791110992431641,6.15500020980835,6.565000057220459,6.172222137451172,6.588889122009277
a270,F,Dubai,False,270,290,273.2816467285156,284.95831298828125,295.2366638183594,0.14497807621955872,1.1449780464172363,0.3758620689655172,0.14158540964126587,0.36551724137931035,0.5310344827586206,0.1,0.0034482758620689655,5.859999656677246,6.067708492279053,6.274166584014893,6.519791603088379,6.691916465759277,5.921999931335449,6.082499980926514,6.316111087799072,6.536110877990723,6.705666542053223,6.067708492279053,6.519791603088379,6.082499980926514,6.536110877990723
a270,F,Eindhoven,False,270,701,272.6333312988281,283.51666259765625,296.3833312988281,0.1253502070903778,1.1253502368927002,0.29243937232524964,0.12043795734643936,0.4664764621968616,0.456490727532097,0.06990014265335236,0.007132667617689016,5.946666717529297,6.109166622161865,6.340000152587891,6.551666736602783,6.714166641235352,5.988888740539551,6.151111125946045,6.371110916137695,6.578888893127441,6.755555629730225,6.109166622161865,6.551666736602783,6.151111125946045,6.578888893127441
a270,F,Gold Coast,False,270,1808,273.211669921875,285.6583251953125,299.1216735839844,0.15533092617988586,1.155331015586853,0.45298672566371684,0.15139684081077576,0.3174778761061947,0.5403761061946902,0.12997787610619468,0.012168141592920354,5.869999885559082,6.063125133514404,6.297916412353516,6.522707939147949,6.748000144958496,5.910777568817139,6.096388816833496,6.326666831970215,6.554444313049316,6.784777641296387,6.063125133514404,6.522707939147949,6.096388816833496,6.554444313049316
a270,F,Helsinki,False,270,623,274.45001220703125,287.5833435058594,299.4166564941406,0.08588443696498871,1.08588445186615,0.19743178170144463,0.10737841576337814,0.5232744783306581,0.42696629213483145,0.0449438202247191,0.004815409309791332,6.103166580200195,6.339583396911621,6.5316667556762695,6.757916450500488,7.049499988555908,6.059333324432373,6.206110954284668,6.400000095367432,6.640555381774902,6.918444633483887,6.339583396911621,6.757916450500488,6.206110954284668,6.640555381774902
a270,F,London,True,270,21267,273.29998779296875,286.3166809082031,298.3833312988281,0.12331215292215347,1.12331223487854,0.22382094324540366,0.11332221329212189,0.4876569332769079,0.459256124512155,0.04763248224949452,0.0054544599614426105,5.987500190734863,6.182499885559082,6.389166831970215,6.605000019073486,6.81416654586792,6.056666851043701,6.25,6.453333377838135,6.672222137451172,6.888888835906982,6.182499885559082,6.605000019073486,6.25,6.672222137451172
a270,F,Madrid,False,270,3305,272.8666687011719,283.4166564941406,296.8266906738281,0.09720921516418457,1.0972092151641846,0.4151285930408472,0.14070414006710052,0.35219364599092284,0.5434190620272314,0.09773071104387292,0.0066565809379727685,5.980000019073486,6.18916654586792,6.416666507720947,6.660833358764648,6.895833492279053,5.816666603088379,5.9811110496521,6.184444427490234,6.3822221755981445,6.561777591705322,6.18916654586792,6.660833358764648,5.9811110496521,6.3822221755981445
a270,F,Melbourne,False,270,31,272.95001220703125,285.48333740234375,299.1333312988281,0.09983790665864944,1.0998378992080688,0.3225806451612903,0.11306176334619522,0.4838709677419355,0.41935483870967744,0.0967741935483871,0.0,6.008333206176758,6.191666603088379,6.43583345413208,6.679583549499512,6.9041666984558105,6.002222061157227,6.170000076293945,6.422222137451172,6.662222385406494,6.817777633666992,6.191666603088379,6.679583549499512,6.170000076293945,6.662222385406494
a270,F,New York,True,270,27561,273.3833312988281,286.5666809082031,299.4666748046875,0.12416469305753708,1.1241647005081177,0.2524944668190559,0.12015305459499359,0.46199339646602083,0.4681978157541454,0.06157251188273285,0.008236275897100976,5.9741668701171875,6.184999942779541,6.40749979019165,6.641666889190674,6.869999885559082,6.021111011505127,6.222222328186035,6.44444465637207,6.674444675445557,6.911110877990723,6.184999942779541,6.641666889190674,6.222222328186035,6.674444675445557
a270,F,Oslo,False,270,313,273.19000244140625,284.25,298.1066589355469,0.10883316397666931,1.1088330745697021,0.29073482428115016,0.12305460125207901,0.43769968051118213,0.4792332268370607,0.08306709265175719,0.0,6.007833480834961,6.260000228881836,6.4066667556762695,6.6558332443237305,6.816500186920166,5.986888885498047,6.233333110809326,6.39555549621582,6.618888854980469,6.815555572509766,6.260000228881836,6.6558332443237305,6.233333110809326,6.618888854980469
a270,F,Paris,False,270,6646,272.441650390625,283.6166687011719,296.6499938964844,0.11796654015779495,1.1179665327072144,0.30409268733072525,0.11601879447698593,0.4714113752633163,0.46990671080349083,0.05386698766175143,0.004814926271441469,5.962916374206543,6.150000095367432,6.364999771118164,6.554166793823242,6.741250038146973,6.00166654586792,6.183333396911621,6.385555744171143,6.581110954284668,6.764444351196289,6.150000095367432,6.554166793823242,6.183333396911621,6.581110954284668
a270,F,Prague,False,270,670,273.47833251953125,285.375,298.3699951171875,0.04532850906252861,1.0453284978866577,0.32985074626865674,0.12022241950035095,0.47313432835820896,0.44925373134328356,0.07014925373134329,0.007462686567164179,6.142250061035156,6.413333415985107,6.644583702087402,6.902500152587891,7.107749938964844,5.841000080108643,6.01027774810791,6.207221984863281,6.421111106872559,6.600222110748291,6.413333415985107,6.902500152587891,6.01027774810791,6.421111106872559
a270,F,Rotterdam,False,270,7603,273.04998779296875,284.3333435058594,297.8999938964844,0.12225519120693207,1.1222550868988037,0.27081415230829936,0.12008605897426605,0.44442983033013284,0.4991450743127713,0.050506379060897014,0.0059187162961988685,5.988333225250244,6.179999828338623,6.369166851043701,6.554999828338623,6.729166507720947,6.010000228881836,6.19777774810791,6.383333206176758,6.57111120223999,6.748888969421387,6.179999828338623,6.554999828338623,6.19777774810791,6.57111120223999
a270,F,Singapore,False,270,252,274.52166748046875,287.0249938964844,297.71002197265625,0.07489147037267685,1.0748915672302246,0.1865079365079365,0.07964211702346802,0.6904761904761905,0.25396825396825395,0.05555555555555555,0.0,6.141166687011719,6.3302083015441895,6.5679168701171875,6.7660417556762695,6.997833251953125,6.181888580322266,6.365555763244629,6.573888778686523,6.766944408416748,7.018222332000732,6.3302083015441895,6.7660417556762695,6.365555763244629,6.766944408416748
a270,F,Stockholm,False,270,557,275.5,286.1833190917969,297.4466552734375,0.07510486990213394,1.075104832649231,0.11131059245960502,0.07968365401029587,0.6876122082585279,0.29084380610412924,0.02154398563734291,0.0,6.135833263397217,6.291666507720947,6.497499942779541,6.71750020980835,6.926167011260986,6.161777973175049,6.326666831970215,6.505555629730225,6.726666450500488,6.952000141143799,6.291666507720947,6.71750020980835,6.326666831970215,6.726666450500488
a270,F,Sydney,False,270,490,272.7133483886719,284.9583435058594,298.5350036621094,0.13189972937107086,1.1318997144699097,0.373469387755102,0.1285863220691681,0.4122448979591837,0.5285714285714286,0.053061224489795916,0.006122448979591836,5.9460835456848145,6.124166488647461,6.320833206176758,6.54562520980835,6.757750034332275,5.99233341217041,6.183333396911621,6.381666660308838,6.598333358764648,6.833555698394775,6.124166488647461,6.54562520980835,6.183333396911621,6.598333358764648
a270,F,Valencia,False,270,317,272.3133239746094,282.9166564941406,296.6566467285156,0.0783880427479744,1.078387975692749,0.25236593059936907,0.1065090224146843,0.5331230283911672,0.42586750788643535,0.03470031545741325,0.006309148264984227,6.060500144958496,6.252500057220459,6.490833282470703,6.679166793823242,6.78249979019165,6.005555629730225,6.191111087799072,6.401111125946045,6.563333511352539,6.676222324371338,6.252500057220459,6.679166793823242,6.191111087799072,6.563333511352539
a270,F,Warsaw,False,270,776,273.1583251953125,284.4583435058594,297.73333740234375,0.10589055716991425,1.1058905124664307,0.25902061855670105,0.10678146779537201,0.5257731958762887,0.42912371134020616,0.045103092783505154,0.0,6.017083168029785,6.21999979019165,6.396666526794434,6.656874656677246,6.8441667556762695,6.0283331871032715,6.216388702392578,6.426666736602783,6.674722671508789,6.8627777099609375,6.21999979019165,6.656874656677246,6.216388702392578,6.674722671508789
a270,F,Washington,False,270,22009,273.73333740234375,287.8833312988281,305.85333251953125,0.1155872792005539,1.1155873537063599,0.31382616202462627,0.12372102588415146,0.4635830796492344,0.4436366940796947,0.08046708164841655,0.012313144622654369,6.025000095367432,6.24833345413208,6.4741668701171875,6.7158331871032715,6.9716668128967285,5.995555400848389,6.215555667877197,6.445555686950684,6.699999809265137,6.973333358764648,6.24833345413208,6.7158331871032715,6.215555667877197,6.699999809265137
a270,M,Amsterdam,False,270,12480,272.26666259765625,283.1499938964844,297.0833435058594,0.18557164072990417,1.1855716705322266,0.5653846153846154,0.1871715635061264,0.26963141025641024,0.45568910256410255,0.22091346153846153,0.053766025641025644,5.6541666984558105,5.888333320617676,6.171666622161865,6.425000190734863,6.663333415985107,5.655555725097656,5.889999866485596,6.173333168029785,6.428055763244629,6.671111106872559,5.888333320617676,6.425000190734863,5.889999866485596,6.428055763244629
a270,M,Auckland,False,270,167,274.0333251953125,284.20001220703125,298.6333312988281,0.24176184833049774,1.2417619228363037,0.7904191616766467,0.24146102368831635,0.10778443113772455,0.49101796407185627,0.2934131736526946,0.10778443113772455,5.510499954223633,5.750833511352539,6.059999942779541,6.368333339691162,6.620500087738037,5.538444519042969,5.747777938842773,6.085555553436279,6.369444847106934,6.621333122253418,5.750833511352539,6.368333339691162,5.747777938842773,6.369444847106934
a270,M,Austin,False,270,912,272.7516784667969,287.125,299.16497802734375,0.18578265607357025,1.1857826709747314,0.5625,0.18848931789398193,0.26864035087719296,0.4407894736842105,0.23574561403508773,0.05482456140350877,5.670249938964844,5.938125133514404,6.24833345413208,6.541250228881836,6.8120832443237305,5.684777736663818,5.937777996063232,6.235555648803711,6.522777557373047,6.7833333015441895,5.938125133514404,6.541250228881836,5.937777996063232,6.522777557373047
a270,M,Barcelona,False,270,3940,271.8666687011719,281.39166259765625,295.4850158691406,0.1452086865901947,1.1452085971832275,0.584010152284264,0.18452371656894684,0.28375634517766496,0.4484771573604061,0.21040609137055838,0.05736040609137056,5.696666717529297,5.962083339691162,6.280416488647461,6.5341668128967285,6.771666526794434,5.605555534362793,5.8222222328186035,6.110000133514404,6.353333473205566,6.566666603088379,5.962083339691162,6.5341668128967285,5.8222222328186035,6.353333473205566
a270,M,Berlin,True,270,59775,272.9166564941406,285.1166687011719,299.0833435058594,0.16325221955776215,1.163252353668213,0.4663488080301129,0.1595393270254135,0.3565035549979088,0.44550397323295693,0.16227519866164786,0.03571727310748641,5.741666793823242,6.002500057220459,6.294166564941406,6.553333282470703,6.802499771118164,5.774444580078125,6.037777900695801,6.3222222328186035,6.587777614593506,6.8466668128967285,6.002500057220459,6.553333282470703,6.037777900695801,6.587777614593506
a270,M,Boston,True,270,4658,272.9166564941406,284.54998779296875,298.20501708984375,0.19618062674999237,1.1961807012557983,0.4950622584800343,0.18834933638572693,0.2574066122799485,0.48776298840704163,0.19557750107342206,0.059252898239587806,5.635833263397217,5.9066667556762695,6.190833568572998,6.454166889190674,6.679999828338623,5.687777996063232,5.9522223472595215,6.233888626098633,6.502222061157227,6.739999771118164,5.9066667556762695,6.454166889190674,5.9522223472595215,6.502222061157227
a270,M,Chicago,True,270,6799,272.8999938964844,285.29998779296875,298.4366455078125,0.18511152267456055,1.1851115226745605,0.5849389616120018,0.18605637550354004,0.2695984703632887,0.4713928518899838,0.19973525518458596,0.05927342256214149,5.674166679382324,5.925000190734863,6.21750020980835,6.485833168029785,6.746833324432373,5.683111190795898,5.941111087799072,6.222222328186035,6.493333339691162,6.740221977233887,5.925000190734863,6.485833168029785,5.941111087799072,6.493333339691162
a270,M,Copenhagen,False,270,8329,272.3500061035156,283.8833312988281,298.1499938964844,0.21126630902290344,1.211266279220581,0.644735262336415,0.20872962474822998,0.2096290070836835,0.4561171809340857,0.26257653980069634,0.0716772721815344,5.620833396911621,5.829166889190674,6.117499828338623,6.381666660308838,6.628333568572998,5.629777908325195,5.853333473205566,6.135555744171143,6.402222156524658,6.654444217681885,5.829166889190674,6.381666660308838,5.853333473205566,6.402222156524658
a270,M,Dubai,False,270,781,272.95001220703125,284.6166687011719,296.8333435058594,0.2316524088382721,1.2316523790359497,0.6978233034571063,0.22879214584827423,0.18309859154929578,0.41229193341869397,0.2970550576184379,0.10755441741357234,5.482500076293945,5.765833377838135,6.0316667556762695,6.335833549499512,6.635833263397217,5.5122222900390625,5.795555591583252,6.0477776527404785,6.3433332443237305,6.651111125946045,5.765833377838135,6.335833549499512,5.795555591583252,6.3433332443237305
a270,M,Eindhoven,False,270,1422,271.8833312988281,283.04998779296875,297.0283203125,0.2059723138809204,1.2059723138809204,0.6244725738396625,0.20129810273647308,0.23136427566807313,0.44655414908579466,0.26019690576652604,0.06188466947960619,5.616666793823242,5.816874980926514,6.106666564941406,6.366458415985107,6.583166599273682,5.632333278656006,5.845833778381348,6.123888969421387,6.3930559158325195,6.616555690765381,5.816874980926514,6.366458415985107,5.845833778381348,6.3930559158325195
a270,M,Gold Coast,False,270,2414,272.73333740234375,284.9166564941406,298.5333251953125,0.2420041412115097,1.2420042753219604,0.751864125932063,0.24007098376750946,0.15451532725766362,0.4067937033968517,0.32104391052195524,0.11764705882352941,5.521083354949951,5.740208148956299,6.03000020980835,6.325833320617676,6.627500057220459,5.533666610717773,5.757777690887451,6.053333282470703,6.331944465637207,6.63266658782959,5.740208148956299,6.325833320617676,5.757777690887451,6.331944465637207
a270,M,Helsinki,False,270,1063,275.2533264160156,288.45001220703125,306.30999755859375,0.15571776032447815,1.1557177305221558,0.47695202257761055,0.17613552510738373,0.27657572906867356,0.5126999059266227,0.1665098777046096,0.04421448730009407,5.822500228881836,6.109166622161865,6.356666564941406,6.648750305175781,6.99733304977417,5.729111194610596,6.0188889503479,6.226666450500488,6.525555610656738,6.892666816711426,6.109166622161865,6.648750305175781,6.0188889503479,6.525555610656738
a270,M,London,True,270,20841,273.25,286.2833251953125,298.54998779296875,0.20423416793346405,1.20423424243927,0.5616333189386306,0.19168071448802948,0.22949954416774626,0.5006957439662204,0.22028693440813782,0.04951777745789549,5.669166564941406,5.902500152587891,6.163333415985107,6.416666507720947,6.6558332443237305,5.732222080230713,5.972222328186035,6.234444618225098,6.486666679382324,6.730000019073486,5.902500152587891,6.416666507720947,5.972222328186035,6.486666679382324
a270,M,Madrid,False,270,12050,272.38165283203125,282.6666564941406,296.43499755859375,0.14894430339336395,1.14894437789917,0.6753526970954357,0.20546461641788483,0.19775933609958507,0.4879668049792531,0.24738589211618256,0.06688796680497926,5.713166236877441,5.980000019073486,6.270833492279053,6.565000057220459,6.809166431427002,5.520999908447266,5.730000019073486,5.964444637298584,6.2022223472595215,6.433444499969482,5.980000019073486,6.565000057220459,5.730000019073486,6.2022223472595215
a270,M,Melbourne,False,270,51,273.4666748046875,283.8999938964844,296.7833251953125,0.19942842423915863,1.1994284391403198,0.6078431372549019,0.21374408900737762,0.19607843137254902,0.45098039215686275,0.27450980392156865,0.0784313725490196,5.696666717529297,5.877500057220459,6.069166660308838,6.394166946411133,6.6583333015441895,5.643333435058594,5.760000228881836,6.050000190734863,6.327221870422363,6.566666603088379,5.877500057220459,6.394166946411133,5.760000228881836,6.327221870422363
a270,M,New York,True,270,26616,273.25,286.3999938964844,299.8833312988281,0.1998526155948639,1.1998525857925415,0.5562067929065224,0.1938517987728119,0.23271716260895703,0.4852720168319808,0.2256161707243763,0.0563946498346859,5.662499904632568,5.90749979019165,6.204166889190674,6.482500076293945,6.764999866485596,5.696666717529297,5.94777774810791,6.2377777099609375,6.515555381774902,6.801111221313477,5.90749979019165,6.482500076293945,5.94777774810791,6.515555381774902
a270,M,Oslo,False,270,663,272.9566650390625,283.51666259765625,297.8133544921875,0.1989639699459076,1.1989638805389404,0.6138763197586727,0.21710555255413055,0.2473604826546003,0.38009049773755654,0.2730015082956259,0.09954751131221719,5.5985002517700195,5.8408331871032715,6.140833377838135,6.438333511352539,6.7166666984558105,5.603333473205566,5.8272223472595215,6.127777576446533,6.423333168029785,6.682000160217285,5.8408331871032715,6.438333511352539,5.8272223472595215,6.423333168029785
a270,M,Paris,False,270,10382,272.3333435058594,283.4166564941406,296.6833190917969,0.20721100270748138,1.2072110176086426,0.6635523020612599,0.203713059425354,0.2103640916971682,0.463976112502408,0.26391832016952416,0.061741475630899635,5.619166851043701,5.832499980926514,6.0908331871032715,6.34499979019165,6.574999809265137,5.646666526794434,5.863333225250244,6.1177778244018555,6.368888854980469,6.601110935211182,5.832499980926514,6.34499979019165,5.863333225250244,6.368888854980469
a270,M,Prague,False,270,1715,273.0233154296875,283.5833435058594,298.1600036621094,0.11893530935049057,1.118935227394104,0.6524781341107871,0.19336478412151337,0.22857142857142856,0.49387755102040815,0.2227405247813411,0.05481049562682216,5.840332984924316,6.098333358764648,6.384166717529297,6.707916259765625,6.975833415985107,5.545555591583252,5.746666431427002,5.9911112785339355,6.22777795791626,6.472444534301758,6.098333358764648,6.707916259765625,5.746666431427002,6.22777795791626
a270,M,Rotterdam,False,270,13849,272.6333312988281,283.76666259765625,298.26666259765625,0.1995885670185089,1.1995885372161865,0.6375189544371435,0.1972350925207138,0.19994223409632464,0.5051628276409849,0.25012636291428986,0.044768575348400605,5.668166637420654,5.888333320617676,6.139166831970215,6.381666660308838,6.602499961853027,5.6811113357543945,5.9033331871032715,6.150000095367432,6.401111125946045,6.622222423553467,5.888333320617676,6.381666660308838,5.9033331871032715,6.401111125946045
a270,M,Singapore,False,270,1277,273.24334716796875,286.9666748046875,297.94000244140625,0.1383354812860489,1.1383353471755981,0.4487079091620987,0.14462696015834808,0.4197337509788567,0.4111198120595145,0.13234142521534847,0.03680501174628034,5.789166450500488,6.070000171661377,6.356666564941406,6.650000095367432,6.903833389282227,5.790888786315918,6.099999904632568,6.377777576446533,6.637777805328369,6.873111248016357,6.070000171661377,6.650000095367432,6.099999904632568,6.637777805328369
a270,M,Stockholm,False,270,1085,273.04998779296875,283.20001220703125,295.4033203125,0.13720278441905975,1.1372027397155762,0.3622119815668203,0.13812334835529327,0.44423963133640554,0.4046082949308756,0.12165898617511521,0.029493087557603687,5.766499996185303,6.0333333015441895,6.3125,6.577499866485596,6.805833339691162,5.788000106811523,6.056666851043701,6.331110954284668,6.5933332443237305,6.815555572509766,6.0333333015441895,6.577499866485596,6.056666851043701,6.5933332443237305
a270,M,Sydney,False,270,718,273.69500732421875,285.85833740234375,298.45501708984375,0.22637352347373962,1.226373553276062,0.7116991643454039,0.221107617020607,0.17827298050139276,0.45403899721448465,0.2757660167130919,0.09192200557103064,5.589750289916992,5.853958606719971,6.124166488647461,6.352291584014893,6.572583198547363,5.635555744171143,5.907500267028809,6.1666669845581055,6.420833587646484,6.628777503967285,5.853958606719971,6.352291584014893,5.907500267028809,6.420833587646484
a270,M,Valencia,False,270,3713,272.3833312988281,283.1333312988281,297.64666748046875,0.18725550174713135,1.1872553825378418,0.5882036089415567,0.19075506925582886,0.2512792889846485,0.478319418260167,0.2081874495017506,0.06221384325343388,5.65500020980835,5.9041666984558105,6.178333282470703,6.436666488647461,6.675833225250244,5.650000095367432,5.901111125946045,6.172222137451172,6.4311113357543945,6.652222156524658,5.9041666984558105,6.436666488647461,5.901111125946045,6.4311113357543945
a270,M,Warsaw,False,270,2059,272.8800048828125,283.9333190917969,298.0233154296875,0.18788737058639526,1.1878875494003296,0.5896066051481301,0.18809576332569122,0.2569208353569694,0.4720738222438077,0.21903836813987373,0.0519669742593492,5.669166564941406,5.925416946411133,6.18583345413208,6.431250095367432,6.710166931152344,5.667555809020996,5.917222023010254,6.19444465637207,6.451666831970215,6.71911096572876,5.925416946411133,6.431250095367432,5.917222023010254,6.451666831970215
a270,M,Washington,False,270,25581,273.6499938964844,287.8500061035156,311.0833435058594,0.18793901801109314,1.1879390478134155,0.607716664712091,0.19636552035808563,0.25002931863492434,0.45295336382471363,0.22528439075876627,0.07173292678159572,5.700833320617676,5.992499828338623,6.289166450500488,6.577499866485596,6.863333225250244,5.666666507720947,5.956666469573975,6.254444599151611,6.554444313049316,6.860000133514404,5.992499828338623,6.577499866485596,5.956666469573975,6.554444313049316
a300,F,Amsterdam,False,300,3242,301.9683532714844,312.6000061035156,326.23333740234375,0.15260539948940277,1.152605414390564,0.3661320172732881,0.14702223241329193,0.3288093769278223,0.5505860579888957,0.10610734114743985,0.014497223935842072,6.477583408355713,6.680208206176758,6.895833492279053,7.108333110809326,7.315833568572998,6.500111103057861,6.717777729034424,6.942777633666992,7.166666507720947,7.38433313369751,6.680208206176758,7.108333110809326,6.717777729034424,7.166666507720947
a300,F,Auckland,False,300,55,303.4100036621094,312.95001220703125,327.99334716796875,0.16882894933223724,1.1688289642333984,0.5636363636363636,0.16355258226394653,0.38181818181818183,0.43636363636363634,0.12727272727272726,0.05454545454545454,6.399166584014893,6.65625,6.8433332443237305,7.082916736602783,7.458000183105469,6.433777809143066,6.699444770812988,6.898889064788818,7.116666793823242,7.4931111335754395,6.65625,7.082916736602783,6.699444770812988,7.116666793823242
a300,F,Austin,False,300,469,302.6000061035156,314.3833312988281,328.1533203125,0.1533236801624298,1.1533236503601074,0.3347547974413646,0.14989587664604187,0.3091684434968017,0.5671641791044776,0.09808102345415778,0.0255863539445629,6.4695000648498535,6.684166431427002,6.923333168029785,7.167500019073486,7.38533353805542,6.495555877685547,6.7022223472595215,6.96999979019165,7.21999979019165,7.45977783203125,6.684166431427002,7.167500019073486,6.7022223472595215,7.21999979019165
a300,F,Barcelona,False,300,997,302.1333312988281,311.8833312988281,326.5633239746094,0.1315467655658722,1.1315467357635498,0.46238716148445336,0.15810278058052063,0.3029087261785356,0.5456369107321966,0.12938816449348045,0.022066198595787363,6.480166912078857,6.692500114440918,6.972499847412109,7.2208333015441895,7.430666446685791,6.38955545425415,6.613333225250244,6.868888854980469,7.087777614593506,7.2977776527404785,6.692500114440918,7.2208333015441895,6.613333225250244,7.087777614593506
a300,F,Berlin,True,300,19536,302.5333251953125,313.8500061035156,327.54998779296875,0.12972235679626465,1.1297224760055542,0.2767710892710893,0.11956854909658432,0.4716932841932842,0.45290745290745293,0.06633906633906633,0.00906019656019656,6.550833225250244,6.784999847412109,7.014166831970215,7.230000019073486,7.440000057220459,6.634444236755371,6.866666793823242,7.095555782318115,7.325555324554443,7.550000190734863,6.784999847412109,7.230000019073486,6.866666793823242,7.325555324554443
a300,F,Boston,True,300,3083,302.6166687011719,313.8833312988281,327.51666259765625,0.15974555909633636,1.1597455739974976,0.32306195264352905,0.14465683698654175,0.3529030165423289,0.5400583846902368,0.08530651962374311,0.02173207914369121,6.455999851226807,6.678750038146973,6.920000076293945,7.147083282470703,7.354166507720947,6.545555591583252,6.779444694519043,7.02222204208374,7.261111259460449,7.4831109046936035,6.678750038146973,7.147083282470703,6.779444694519043,7.261111259460449
a300,F,Chicago,True,300,6003,302.8333435058594,315.20001220703125,328.2633361816406,0.13876546919345856,1.1387654542922974,0.34549391970681326,0.13509200513362885,0.3983008495752124,0.49808429118773945,0.08895552223888056,0.014659336998167584,6.542500019073486,6.762083053588867,6.99833345413208,7.233333110809326,7.4666666984558105,6.583555698394775,6.804444313049316,7.038888931274414,7.278888702392578,7.521999835968018,6.762083053588867,7.233333110809326,6.804444313049316,7.278888702392578
a300,F,Copenhagen,False,300,2123,302.2066650390625,312.9333190917969,327.0,0.19015415012836456,1.1901541948318481,0.5181347150259067,0.1802268922328949,0.19500706547338673,0.6048045219029675,0.17569477154969382,0.024493641073951956,6.361000061035156,6.571249961853027,6.803333282470703,7.0291666984558105,7.190666675567627,6.412222385406494,6.62333345413208,6.8577775955200195,7.082221984863281,7.260000228881836,6.571249961853027,7.0291666984558105,6.62333345413208,7.082221984863281
a300,F,Dubai,False,300,196,304.308349609375,316.7583312988281,327.7166748046875,0.20796631276607513,1.2079664468765259,0.5969387755102041,0.19590136408805847,0.1377551020408163,0.6122448979591837,0.2193877551020408,0.030612244897959183,6.328333377838135,6.565208435058594,6.765000343322754,6.976458549499512,7.241250038146973,6.439444541931152,6.617499828338623,6.833889007568359,7.0527777671813965,7.293889045715332,6.565208435058594,6.976458549499512,6.617499828338623,7.0527777671813965
a300,F,Eindhoven,False,300,195,301.54998779296875,310.75,325.2833251953125,0.16599243879318237,1.1659924983978271,0.4,0.15539395809173584,0.28205128205128205,0.5794871794871795,0.12307692307692308,0.015384615384615385,6.390500068664551,6.62833309173584,6.835000038146973,7.049583435058594,7.139166831970215,6.468222141265869,6.713889122009277,6.897777557373047,7.094444274902344,7.240889072418213,6.62833309173584,7.049583435058594,6.713889122009277,7.094444274902344
a300,F,Gold Coast,False,300,1049,302.7466735839844,314.95001220703125,327.75,0.20159640908241272,1.2015963792800903,0.6015252621544328,0.19200554490089417,0.1601525262154433,0.6072449952335558,0.19637750238322213,0.03622497616777884,6.348999977111816,6.566666603088379,6.78249979019165,7.014166831970215,7.215000152587891,6.429333209991455,6.625555515289307,6.85444450378418,7.070000171661377,7.285999774932861,6.566666603088379,7.014166831970215,6.625555515289307,7.070000171661377
a300,F,Helsinki,False,300,347,302.0666809082031,315.7833251953125,327.7033386230469,0.11595770716667175,1.1159576177597046,0.3112391930835735,0.13228291273117065,0.43515850144092216,0.4697406340057637,0.0893371757925072,0.005763688760806916,6.580666542053223,6.839166641235352,7.0933332443237305,7.264166831970215,7.552499771118164,6.513999938964844,6.74666690826416,6.964444637298584,7.206666946411133,7.428666591644287,6.839166641235352,7.264166831970215,6.74666690826416,7.206666946411133
a300,F,London,True,300,17195,302.8999938964844,315.1499938964844,328.04998779296875,0.15498866140842438,1.1549886465072632,0.3223029950567025,0.13919028639793396,0.34323931375399824,0.5700494329747019,0.07682465833091015,0.009886594940389648,6.513333320617676,6.712500095367432,6.933333396911621,7.152500152587891,7.371333122253418,6.613333225250244,6.813333511352539,7.0366668701171875,7.263333320617676,7.497777938842773,6.712500095367432,7.152500152587891,6.813333511352539,7.263333320617676
a300,F,Madrid,False,300,1630,302.4283142089844,312.308349609375,325.91998291015625,0.13841114938259125,1.1384111642837524,0.605521472392638,0.18441873788833618,0.18957055214723925,0.5914110429447853,0.19325153374233128,0.025766871165644172,6.43149995803833,6.666666507720947,6.954583168029785,7.200416564941406,7.422833442687988,6.2411112785339355,6.436666488647461,6.6727776527404785,6.9008331298828125,7.112222194671631,6.666666507720947,7.200416564941406,6.436666488647461,6.9008331298828125
a300,F,New York,True,300,18943,302.8666687011719,315.4333190917969,329.1666564941406,0.15375761687755585,1.1537576913833618,0.3370638230480916,0.14444810152053833,0.33922821094863537,0.5523412342290028,0.09338541941614317,0.015045135406218655,6.497499942779541,6.722499847412109,6.955833435058594,7.198333263397217,7.460000038146973,6.573333263397217,6.788888931274414,7.024444580078125,7.265555381774902,7.5286664962768555,6.722499847412109,7.198333263397217,6.788888931274414,7.265555381774902
a300,F,Oslo,False,300,139,302.95001220703125,312.3500061035156,325.4866638183594,0.17186492681503296,1.1718648672103882,0.5035971223021583,0.20042891800403595,0.16546762589928057,0.5251798561151079,0.2733812949640288,0.03597122302158273,6.4014997482299805,6.610833168029785,6.835833549499512,7.073333263397217,7.244833469390869,6.406221866607666,6.6583333015441895,6.877777576446533,7.1077775955200195,7.295777797698975,6.610833168029785,7.073333263397217,6.6583333015441895,7.1077775955200195
a300,F,Paris,False,300,3395,301.95001220703125,312.1666564941406,326.5766906738281,0.16563834249973297,1.1656383275985718,0.45979381443298967,0.1570136845111847,0.29131075110456556,0.5652430044182621,0.12282768777614138,0.020618556701030927,6.421999931335449,6.624166488647461,6.852499961853027,7.070833206176758,7.274666786193848,6.486444473266602,6.690000057220459,6.912222385406494,7.144999980926514,7.356222152709961,6.624166488647461,7.070833206176758,6.690000057220459,7.144999980926514
a300,F,Prague,False,300,494,302.9100036621094,313.3500061035156,328.73333740234375,0.08389220386743546,1.0838922262191772,0.4757085020242915,0.1594465672969818,0.291497975708502,0.5688259109311741,0.10931174089068826,0.030364372469635626,6.657166481018066,6.890000343322754,7.1845831871032715,7.513333320617676,7.772916793823242,6.308333396911621,6.482500076293945,6.722777843475342,6.988055229187012,7.210444450378418,6.890000343322754,7.513333320617676,6.482500076293945,6.988055229187012
a300,F,Rotterdam,False,300,2893,302.0333251953125,312.3500061035156,326.14666748046875,0.1750742495059967,1.1750742197036743,0.43138610438990665,0.16582486033439636,0.20532319391634982,0.6660905634289664,0.11199446940891808,0.01659177324576564,6.436833381652832,6.607500076293945,6.817500114440918,7.019999980926514,7.197333335876465,6.478888988494873,6.655555725097656,6.874444484710693,7.075555324554443,7.28000020980835,6.607500076293945,7.019999980926514,6.655555725097656,7.075555324554443
a300,F,Singapore,False,300,279,303.7366638183594,315.4666748046875,327.106689453125,0.10491872578859329,1.1049187183380127,0.26881720430107525,0.10617555677890778,0.5197132616487455,0.41935483870967744,0.05017921146953405,0.010752688172043012,6.653833389282227,6.864166259765625,7.110000133514404,7.376667022705078,7.588833332061768,6.714666843414307,6.921111106872559,7.155555725097656,7.393888473510742,7.5960001945495605,6.864166259765625,7.376667022705078,6.921111106872559,7.393888473510742
a300,F,Stockholm,False,300,238,300.97998046875,312.375,327.9150085449219,0.11496134847402573,1.1149612665176392,0.226890756302521,0.1111602932214737,0.5,0.41596638655462187,0.06302521008403361,0.02100840336134454,6.591750144958496,6.792916297912598,7.032083511352539,7.302708148956299,7.488500118255615,6.632999897003174,6.848333358764648,7.081666469573975,7.349999904632568,7.519555568695068,6.792916297912598,7.302708148956299,6.848333358764648,7.349999904632568
a300,F,Sydney,False,300,262,304.0916748046875,316.066650390625,327.48834228515625,0.1874740868806839,1.1874741315841675,0.5229007633587787,0.17272722721099854,0.22900763358778625,0.5916030534351145,0.16030534351145037,0.019083969465648856,6.391333103179932,6.582499980926514,6.842916488647461,7.105208396911621,7.26158332824707,6.487888813018799,6.696944713592529,6.961111068725586,7.203888893127441,7.4076666831970215,6.582499980926514,7.105208396911621,6.696944713592529,7.203888893127441
a300,F,Valencia,False,300,108,302.29168701171875,314.0999755859375,326.39666748046875,0.14872342348098755,1.1487234830856323,0.5648148148148148,0.16280041635036469,0.2222222222222222,0.6759259259259259,0.09259259259259259,0.009259259259259259,6.5395002365112305,6.715624809265137,6.884583473205566,7.098333358764648,7.300750255584717,6.535333633422852,6.719444274902344,6.840555191040039,7.047500133514404,7.2820000648498535,6.715624809265137,7.098333358764648,6.719444274902344,7.047500133514404
a300,F,Warsaw,False,300,271,301.7833251953125,311.3500061035156,327.48333740234375,0.15223945677280426,1.152239441871643,0.39114391143911437,0.14381732046604156,0.2915129151291513,0.6014760147601476,0.0996309963099631,0.007380073800738007,6.485000133514404,6.641249656677246,6.875,7.068333625793457,7.270833492279053,6.561110973358154,6.721111297607422,6.967777729034424,7.121110916137695,7.3222222328186035,6.641249656677246,7.068333625793457,6.721111297607422,7.121110916137695
a300,F,Washington,False,300,17530,303.2166748046875,317.0833435058594,333.9216613769531,0.1519821137189865,1.151982069015503,0.4278379920136908,0.15293507277965546,0.32618368511123785,0.5250998288648032,0.131374786081004,0.017341699942954935,6.520750045776367,6.753333568572998,7.004166603088379,7.264999866485596,7.548333168029785,6.519999980926514,6.760000228881836,7.013888835906982,7.294444561004639,7.595555782318115,6.753333568572998,7.264999866485596,6.760000228881836,7.294444561004639
a300,M,Amsterdam,False,300,4376,302.1000061035156,311.8833312988281,326.45001220703125,0.24232245981693268,1.242322564125061,0.6880712979890311,0.2367149293422699,0.1336837294332724,0.45978062157221206,0.29638939670932357,0.11014625228519195,6.074166774749756,6.334166526794434,6.624166488647461,6.90500020980835,7.134166717529297,6.098888874053955,6.366389274597168,6.664999961853027,6.943333148956299,7.176111221313477,6.334166526794434,6.90500020980835,6.366389274597168,6.943333148956299
a300,M,Auckland,False,300,89,303.933349609375,320.4166564941406,328.7166748046875,0.2841469943523407,1.2841469049453735,0.8426966292134831,0.27385568618774414,0.10112359550561797,0.3595505617977528,0.4157303370786517,0.12359550561797752,6.044000148773193,6.259166717529297,6.619999885559082,6.955833435058594,7.388999938964844,6.041333198547363,6.329999923706055,6.676666736602783,7.026666641235352,7.369111061096191,6.259166717529297,6.955833435058594,6.329999923706055,7.026666641235352
a300,M,Austin,False,300,614,303.54498291015625,316.125,329.1650085449219,0.2210332751274109,1.2210332155227661,0.6270358306188925,0.2176578789949417,0.1970684039087948,0.4511400651465798,0.26058631921824105,0.09120521172638436,6.151666641235352,6.443333625793457,6.774583339691162,7.121458530426025,7.434750080108643,6.19177770614624,6.4844441413879395,6.804444313049316,7.130833148956299,7.496333122253418,6.443333625793457,7.121458530426025,6.4844441413879395,7.130833148956299
a300,M,Barcelona,False,300,1605,302.2300109863281,312.3333435058594,325.7300109863281,0.19816063344478607,1.1981606483459473,0.7177570093457943,0.2375154346227646,0.16199376947040497,0.42990654205607476,0.28785046728971964,0.12024922118380062,6.108333110809326,6.434166431427002,6.760833263397217,7.100833415985107,7.392166614532471,6.003333568572998,6.293333530426025,6.601110935211182,6.915555477142334,7.1817779541015625,6.434166431427002,7.100833415985107,6.293333530426025,6.915555477142334
a300,M,Berlin,True,300,26303,302.6333312988281,314.3333435058594,328.76666259765625,0.20609456300735474,1.2060946226119995,0.563357791886857,0.19433745741844177,0.23636087138349238,0.4924913507964871,0.20564194198380412,0.0655058358362164,6.207499980926514,6.505000114440918,6.800833225250244,7.076666831970215,7.320833206176758,6.276666641235352,6.576666831970215,6.878889083862305,7.158888816833496,7.423333168029785,6.505000114440918,7.076666831970215,6.576666831970215,7.158888816833496
a300,M,Boston,True,300,2521,302.6499938964844,314.04998779296875,328.04998779296875,0.22288291156291962,1.222882866859436,0.5561285204284014,0.20602871477603912,0.18683062276874257,0.5481951606505355,0.1935739785799286,0.07140023800079334,6.183333396911621,6.475833415985107,6.741666793823242,7.006666660308838,7.226666450500488,6.25,6.566666603088379,6.851110935211182,7.122222423553467,7.362222194671631,6.475833415985107,7.006666660308838,6.566666603088379,7.122222423553467
a300,M,Chicago,True,300,4165,303.04998779296875,314.8999938964844,328.49334716796875,0.22150981426239014,1.2215098142623901,0.6597839135654262,0.21651916205883026,0.1786314525810324,0.4830732292917167,0.2578631452581032,0.08043217286914765,6.159999847412109,6.459166526794434,6.750833511352539,7.035833358764648,7.31516695022583,6.20377779006958,6.502222061157227,6.787777900695801,7.07111120223999,7.355555534362793,6.459166526794434,7.035833358764648,6.502222061157227,7.07111120223999
a300,M,Copenhagen,False,300,2818,302.1166687011719,312.7833251953125,327.4216613769531,0.2759094536304474,1.275909423828125,0.7725337118523776,0.2672576308250427,0.09119943222143365,0.4201561391057488,0.3424414478353442,0.14620298083747338,5.9670000076293945,6.2710418701171875,6.547500133514404,6.824999809265137,7.070833206176758,6.009666919708252,6.32444429397583,6.599444389343262,6.871110916137695,7.116666793823242,6.2710418701171875,6.824999809265137,6.32444429397583,6.871110916137695
a300,M,Dubai,False,300,495,302.3666687011719,313.3666687011719,326.47332763671875,0.31142738461494446,1.3114274740219116,0.8484848484848485,0.3009658455848694,0.07272727272727272,0.3212121212121212,0.3717171717171717,0.23434343434343435,5.8436665534973145,6.1508331298828125,6.459166526794434,6.717082977294922,6.946500301361084,5.89555549621582,6.203333377838135,6.524444580078125,6.767777919769287,6.986888885498047,6.1508331298828125,6.717082977294922,6.203333377838135,6.767777919769287
a300,M,Eindhoven,False,300,408,301.8033447265625,310.92498779296875,325.20501708984375,0.26867762207984924,1.2686777114868164,0.7892156862745098,0.2567049264907837,0.11029411764705882,0.39950980392156865,0.3627450980392157,0.12745098039215685,5.989166736602783,6.243124961853027,6.5416669845581055,6.797916412353516,7.034416675567627,6.050555229187012,6.314167022705078,6.595555305480957,6.848610877990723,7.082555294036865,6.243124961853027,6.797916412353516,6.314167022705078,6.848610877990723
a300,M,Gold Coast,False,300,1244,302.4716796875,315.6583251953125,328.5016784667969,0.29609838128089905,1.2960983514785767,0.8344051446945338,0.28839412331581116,0.0819935691318328,0.364951768488746,0.3545016077170418,0.1985530546623794,5.920249938964844,6.217291831970215,6.512499809265137,6.81416654586792,7.082333564758301,5.969222068786621,6.260000228881836,6.576666831970215,6.87333345413208,7.119999885559082,6.217291831970215,6.81416654586792,6.260000228881836,6.87333345413208
a300,M,Helsinki,False,300,482,302.731689453125,315.441650390625,329.3500061035156,0.18454226851463318,1.184542179107666,0.5518672199170125,0.20034311711788177,0.2157676348547718,0.5228215767634855,0.18672199170124482,0.07468879668049792,6.241666793823242,6.58145809173584,6.919583320617676,7.147291660308838,7.4058332443237305,6.204555511474609,6.530277729034424,6.827777862548828,7.022222518920898,7.304222106933594,6.58145809173584,7.147291660308838,6.530277729034424,7.022222518920898
a300,M,London,True,300,14580,302.75,314.6166687011719,327.73333740234375,0.24001343548297882,1.2400133609771729,0.6374485596707818,0.22122013568878174,0.14183813443072701,0.5170781893004115,0.2657750342935528,0.07530864197530865,6.128333568572998,6.395833492279053,6.674583435058594,6.940000057220459,7.188333511352539,6.2377777099609375,6.501111030578613,6.78000020980835,7.051111221313477,7.304555416107178,6.395833492279053,6.940000057220459,6.501111030578613,7.051111221313477
a300,M,Madrid,False,300,4722,301.95001220703125,311.691650390625,325.7316589355469,0.20296066999435425,1.202960729598999,0.8041084286319357,0.2586372494697571,0.09191020753917832,0.4286319356204998,0.3490046590427785,0.1304531977975434,6.12600040435791,6.433541774749756,6.752500057220459,7.052499771118164,7.29491662979126,5.905555725097656,6.157777786254883,6.432222366333008,6.715555667877197,6.968888759613037,6.433541774749756,7.052499771118164,6.157777786254883,6.715555667877197
a300,M,New York,True,300,15631,302.79998779296875,315.45001220703125,329.54998779296875,0.22983118891716003,1.2298312187194824,0.608982150854072,0.2181796282529831,0.16077026421854007,0.503934489156164,0.24969611669119057,0.0855991299341053,6.15500020980835,6.447500228881836,6.737500190734863,7.03000020980835,7.315833568572998,6.226666450500488,6.517777919769287,6.8077778816223145,7.096111297607422,7.384444236755371,6.447500228881836,7.03000020980835,6.517777919769287,7.096111297607422
a300,M,Oslo,False,300,264,302.6600036621094,313.625,326.4083251953125,0.24284851551055908,1.242848515510559,0.7310606060606061,0.2589256167411804,0.08333333333333333,0.4431818181818182,0.3409090909090909,0.13257575757575757,6.0549163818359375,6.362500190734863,6.610416412353516,6.90791654586792,7.089583396911621,6.144333362579346,6.38861083984375,6.631666660308838,6.913333415985107,7.142666339874268,6.362500190734863,6.90791654586792,6.38861083984375,6.913333415985107
a300,M,Paris,False,300,4554,302.1716613769531,312.7083435058594,326.2833251953125,0.2564971148967743,1.2564971446990967,0.7529644268774703,0.24535122513771057,0.1209925340360123,0.45212999560825645,0.3085199824330259,0.11835748792270531,6.023333549499512,6.306875228881836,6.583749771118164,6.859166622161865,7.114166736602783,6.078888893127441,6.37333345413208,6.652222156524658,6.94083309173584,7.1922221183776855,6.306875228881836,6.859166622161865,6.37333345413208,6.94083309173584
a300,M,Prague,False,300,832,301.90167236328125,312.42498779296875,327.20166015625,0.16325682401657104,1.1632568836212158,0.7668269230769231,0.24540209770202637,0.1346153846153846,0.44350961538461536,0.2920673076923077,0.12980769230769232,6.263416767120361,6.578125,6.878749847412109,7.226666450500488,7.5258331298828125,5.90155553817749,6.158611297607422,6.437777996063232,6.722499847412109,7.003111362457275,6.578125,7.226666450500488,6.158611297607422,6.722499847412109
a300,M,Rotterdam,False,300,4601,302.0666809082031,311.95001220703125,326.23333740234375,0.25665712356567383,1.2566571235656738,0.7478808954575092,0.2469722032546997,0.07650510758530754,0.4896761573570963,0.336013910019561,0.09780482503803521,6.065833568572998,6.31416654586792,6.577499866485596,6.834166526794434,7.050833225250244,6.114444255828857,6.365555763244629,6.62333345413208,6.900000095367432,7.124444484710693,6.31416654586792,6.834166526794434,6.365555763244629,6.900000095367432
a300,M,Singapore,False,300,1202,303.1050109863281,315.6833190917969,327.1449890136719,0.1777723878622055,1.1777724027633667,0.5549084858569051,0.17779095470905304,0.29201331114808654,0.48169717138103163,0.16472545757071547,0.06156405990016639,6.307583332061768,6.597499847412109,6.897500038146973,7.178333282470703,7.43583345413208,6.35366678237915,6.654444217681885,6.936666488647461,7.190000057220459,7.464333534240723,6.597499847412109,7.178333282470703,6.654444217681885,7.190000057220459
a300,M,Sydney,False,300,365,303.3233337402344,315.8999938964844,326.9733581542969,0.2907480299472809,1.2907480001449585,0.8410958904109589,0.2793976664543152,0.07945205479452055,0.3643835616438356,0.36712328767123287,0.18904109589041096,5.946833610534668,6.244166851043701,6.5258331298828125,6.816666603088379,7.131166934967041,6.005111217498779,6.316666603088379,6.613333225250244,6.911110877990723,7.173555374145508,6.244166851043701,6.816666603088379,6.316666603088379,6.911110877990723
a300,M,Valencia,False,300,1269,302.2966613769531,312.29998779296875,325.7400207519531,0.2397909164428711,1.239790916442871,0.698187549251379,0.2345837950706482,0.1355397951142632,0.5003940110323088,0.2647754137115839,0.09929078014184398,6.05816650390625,6.361666679382324,6.660833358764648,6.921666622161865,7.120999813079834,6.089333534240723,6.401111125946045,6.69444465637207,6.975555419921875,7.226666450500488,6.361666679382324,6.921666622161865,6.401111125946045,6.975555419921875
a300,M,Warsaw,False,300,583,302.3699951171875,312.3833312988281,326.4433288574219,0.2408347874879837,1.2408348321914673,0.7221269296740995,0.2345820516347885,0.1097770154373928,0.5042881646655232,0.2915951972555746,0.09433962264150944,6.0455002784729,6.360833168029785,6.645833492279053,6.888333320617676,7.0881667137146,6.082444190979004,6.389444351196289,6.690000057220459,6.922222137451172,7.139999866485596,6.360833168029785,6.888333320617676,6.389444351196289,6.922222137451172
a300,M,Washington,False,300,16296,303.04998779296875,316.8999938964844,338.4166564941406,0.2306637018918991,1.2306636571884155,0.6974104074619538,0.23154132068157196,0.15463917525773196,0.45532646048109965,0.2855301914580265,0.10450417280314188,6.168333530426025,6.458333492279053,6.774166584014893,7.081874847412109,7.393333435058594,6.152222156524658,6.457777976989746,6.78000020980835,7.098888874053955,7.432222366333008,6.458333492279053,7.081874847412109,6.457777976989746,7.098888874053955
a330,F,Amsterdam,False,330,1150,332.04998779296875,341.45001220703125,354.98333740234375,0.18549905717372894,1.1854990720748901,0.4121739130434783,0.1687127649784088,0.26869565217391306,0.5521739130434783,0.15217391304347827,0.026956521739130435,6.929166793823242,7.165208339691162,7.449166774749756,7.681250095367432,7.885833263397217,7.0132222175598145,7.275555610656738,7.57611083984375,7.809721946716309,8.038000106811523,7.165208339691162,7.681250095367432,7.275555610656738,7.809721946716309
a330,F,Auckland,False,330,33,331.3633117675781,345.3999938964844,355.8899841308594,0.1943565011024475,1.1943565607070923,0.8181818181818182,0.18932224810123444,0.12121212121212122,0.696969696969697,0.15151515151515152,0.030303030303030304,7.17716646194458,7.228333473205566,7.370833396911621,7.619166851043701,7.9676666259765625,7.214889049530029,7.304444313049316,7.407777786254883,7.686666488647461,8.153778076171875,7.228333473205566,7.619166851043701,7.304444313049316,7.686666488647461
a330,F,Austin,False,330,344,332.0050048828125,344.4666748046875,356.885009765625,0.1593984216451645,1.1593984365463257,0.3372093023255814,0.1501660794019699,0.33430232558139533,0.5145348837209303,0.12790697674418605,0.023255813953488372,6.986583232879639,7.267499923706055,7.553333282470703,7.862083435058594,8.092000007629395,7.032222270965576,7.393610954284668,7.678333282470703,7.9302778244018555,8.176666259765625,7.267499923706055,7.862083435058594,7.393610954284668,7.9302778244018555
a330,F,Barcelona,False,330,426,332.066650390625,341.54168701171875,354.816650390625,0.1510879248380661,1.151087999343872,0.5023474178403756,0.17845265567302704,0.24413145539906103,0.5328638497652582,0.19014084507042253,0.03286384976525822,6.950416564941406,7.260000228881836,7.552083492279053,7.8589582443237305,8.188333511352539,6.894999980926514,7.149167060852051,7.478333473205566,7.768333435058594,7.999444484710693,7.260000228881836,7.8589582443237305,7.149167060852051,7.768333435058594
a330,F,Berlin,True,330,10139,332.79998779296875,343.73333740234375,357.2200012207031,0.1618032604455948,1.1618032455444336,0.3466811322615643,0.1422029733657837,0.3671959759345103,0.5156327053950094,0.09991123384949206,0.017260084820988262,7.043333530426025,7.287499904632568,7.552499771118164,7.816249847412109,8.040833473205566,7.166444301605225,7.4277777671813965,7.705555438995361,7.9811110496521,8.226666450500488,7.287499904632568,7.816249847412109,7.4277777671813965,7.9811110496521
a330,F,Boston,True,330,1915,332.3466796875,343.1000061035156,356.8833312988281,0.1751728653907776,1.1751729249954224,0.3237597911227154,0.1508839875459671,0.3154046997389034,0.5759791122715404,0.07728459530026109,0.031331592689295036,6.988666534423828,7.271666526794434,7.520833492279053,7.748749732971191,7.943833351135254,7.159111022949219,7.426666736602783,7.685555458068848,7.918889045715332,8.132888793945312,7.271666526794434,7.748749732971191,7.426666736602783,7.918889045715332
a330,F,Chicago,True,330,4355,332.5,344.29998779296875,357.70001220703125,0.16116859018802643,1.1611685752868652,0.3823191733639495,0.14960166811943054,0.330195177956372,0.5409873708381171,0.11044776119402985,0.018369690011481057,7.038333415985107,7.290833473205566,7.565833568572998,7.84041690826416,8.071833610534668,7.118888854980469,7.383333206176758,7.661110877990723,7.937222480773926,8.181111335754395,7.290833473205566,7.84041690826416,7.383333206176758,7.937222480773926
a330,F,Copenhagen,False,330,801,331.8333435058594,341.25,356.1333312988281,0.22835053503513336,1.2283505201339722,0.6042446941323346,0.21191780269145966,0.11610486891385768,0.5880149812734082,0.2421972534332085,0.05368289637952559,6.770833492279053,7.038333415985107,7.269999980926514,7.569166660308838,7.78000020980835,6.852222442626953,7.116666793823242,7.369999885559082,7.688889026641846,7.932222366333008,7.038333415985107,7.569166660308838,7.116666793823242,7.688889026641846
a330,F,Dubai,False,330,139,332.57666015625,344.4666748046875,354.7466735839844,0.2409030795097351,1.2409031391143799,0.6762589928057554,0.21994997560977936,0.1223021582733813,0.539568345323741,0.2733812949640288,0.06474820143884892,6.73533296585083,6.975000381469727,7.290833473205566,7.517916679382324,7.758500099182129,6.80822229385376,7.140000343322754,7.446666717529297,7.673333168029785,7.839333534240723,6.975000381469727,7.517916679382324,7.140000343322754,7.673333168029785
a330,F,Eindhoven,False,330,40,332.2049865722656,337.6000061035156,347.89166259765625,0.2329481542110443,1.2329480648040771,0.525,0.21296122670173645,0.075,0.625,0.225,0.075,6.7906670570373535,7.032917022705078,7.253749847412109,7.363541603088379,7.5229997634887695,6.904333591461182,7.2158331871032715,7.348888874053955,7.443055629730225,7.736888885498047,7.032917022705078,7.363541603088379,7.2158331871032715,7.443055629730225
a330,F,Gold Coast,False,330,713,332.41998291015625,344.8666687011719,357.7266845703125,0.2485368251800537,1.2485368251800537,0.7152875175315568,0.23142464458942413,0.09817671809256662,0.5371669004207573,0.28892005610098176,0.07573632538569425,6.729499816894531,6.989999771118164,7.243333339691162,7.556666851043701,7.786499977111816,6.8077778816223145,7.086666584014893,7.356666564941406,7.655555725097656,7.928444862365723,6.989999771118164,7.556666851043701,7.086666584014893,7.655555725097656
a330,F,Helsinki,False,330,130,330.8883361816406,341.73333740234375,356.85833740234375,0.1662137508392334,1.1662137508392334,0.4846153846153846,0.17185674607753754,0.24615384615384617,0.5846153846153846,0.13846153846153847,0.03076923076923077,7.0569167137146,7.220208168029785,7.505833625793457,7.750833511352539,7.841833114624023,6.928555488586426,7.235833168029785,7.50333309173584,7.683610916137695,7.786221981048584,7.220208168029785,7.750833511352539,7.235833168029785,7.683610916137695
a330,F,London,True,330,13226,332.70001220703125,344.4333190917969,357.45001220703125,0.1710001528263092,1.1710001230239868,0.3731286859216694,0.14916937053203583,0.3158173295024951,0.5658551338273099,0.10479358838651141,0.013533948283683653,7.0291666984558105,7.267499923706055,7.517499923706055,7.7841668128967285,8.037500381469727,7.165555477142334,7.414444446563721,7.679999828338623,7.956666469573975,8.2122220993042,7.267499923706055,7.7841668128967285,7.414444446563721,7.956666469573975
a330,F,Madrid,False,330,753,332.3999938964844,342.6666564941406,356.75,0.17280139029026031,1.1728013753890991,0.6799468791500664,0.2108169049024582,0.13545816733067728,0.5644090305444888,0.250996015936255,0.049136786188579015,6.927499771118164,7.195000171661377,7.494999885559082,7.800833225250244,8.078999519348145,6.73199987411499,6.964444637298584,7.265555381774902,7.570000171661377,7.792222023010254,7.195000171661377,7.800833225250244,6.964444637298584,7.570000171661377
a330,F,New York,True,330,12747,332.77667236328125,344.45001220703125,358.6666564941406,0.17104943096637726,1.1710494756698608,0.3777359378677336,0.15634670853614807,0.30367929708951125,0.5519730132580215,0.12434298266258728,0.02000470698987997,7.0,7.266666889190674,7.551666736602783,7.834166526794434,8.102499961853027,7.110000133514404,7.374444484710693,7.658888816833496,7.9422221183776855,8.222222328186035,7.266666889190674,7.834166526794434,7.374444484710693,7.9422221183776855
a330,F,Oslo,False,330,43,332.22332763671875,340.8666687011719,354.3466491699219,0.2244715541601181,1.2244715690612793,0.5813953488372093,0.240433007478714,0.09302325581395349,0.5813953488372093,0.18604651162790697,0.13953488372093023,6.732500076293945,7.0933332443237305,7.337500095367432,7.5104169845581055,7.736000061035156,6.754444599151611,7.1777777671813965,7.437777996063232,7.60444450378418,7.826000213623047,7.0933332443237305,7.5104169845581055,7.1777777671813965,7.60444450378418
a330,F,Paris,False,330,1633,332.41998291015625,342.8500061035156,356.3833312988281,0.1994173228740692,1.199417233467102,0.5315370483772198,0.18140220642089844,0.2106552357624005,0.5780771586037967,0.17758726270667483,0.03368034292712799,6.873499870300293,7.138333320617676,7.40500020980835,7.65749979019165,7.885833263397217,7.003555774688721,7.25,7.531111240386963,7.804444313049316,8.034222602844238,7.138333320617676,7.65749979019165,7.25,7.804444313049316
a330,F,Prague,False,330,299,332.0933532714844,341.6333312988281,357.5566711425781,0.1190539300441742,1.119053840637207,0.6120401337792643,0.1873442530632019,0.14715719063545152,0.6622073578595318,0.16722408026755853,0.023411371237458192,7.145999908447266,7.420000076293945,7.692500114440918,7.930833339691162,8.287666320800781,6.753333568572998,7.009444236755371,7.2166666984558105,7.536110877990723,7.805777549743652,7.420000076293945,7.930833339691162,7.009444236755371,7.536110877990723
a330,F,Rotterdam,False,330,606,331.48333740234375,338.82501220703125,352.1333312988281,0.20755337178707123,1.2075533866882324,0.46204620462046203,0.1881943941116333,0.1716171617161716,0.6336633663366337,0.1551155115511551,0.039603960396039604,6.84541654586792,7.095624923706055,7.3229169845581055,7.533124923706055,7.72041654586792,6.938333511352539,7.201389312744141,7.457777976989746,7.680833339691162,7.886666297912598,7.095624923706055,7.533124923706055,7.201389312744141,7.680833339691162
a330,F,Singapore,False,330,296,332.2833251953125,343.60833740234375,356.566650390625,0.15687349438667297,1.1568735837936401,0.4155405405405405,0.14875507354736328,0.3108108108108108,0.5777027027027027,0.09797297297297297,0.013513513513513514,7.102499961853027,7.350625038146973,7.545000076293945,7.7866668701171875,8.014166831970215,7.149444580078125,7.409722328186035,7.670000076293945,7.882499694824219,8.112777709960938,7.350625038146973,7.7866668701171875,7.409722328186035,7.882499694824219
a330,F,Stockholm,False,330,125,331.0933532714844,336.3500061035156,344.48333740234375,0.13742083311080933,1.137420654296875,0.264,0.12442874163389206,0.424,0.504,0.064,0.008,7.0311665534973145,7.31416654586792,7.460000038146973,7.725833415985107,7.888166904449463,7.179999828338623,7.417778015136719,7.599999904632568,7.808888912200928,7.934000015258789,7.31416654586792,7.725833415985107,7.417778015136719,7.808888912200928
a330,F,Sydney,False,330,144,333.6383361816406,344.0999755859375,355.0099792480469,0.2176724076271057,1.2176724672317505,0.5625,0.1988784521818161,0.1111111111111111,0.6527777777777778,0.1875,0.04861111111111111,6.9011664390563965,7.12833309173584,7.3433332443237305,7.575416564941406,7.771666526794434,6.974111080169678,7.271389007568359,7.482222080230713,7.735555648803711,7.906000137329102,7.12833309173584,7.575416564941406,7.271389007568359,7.735555648803711
a330,F,Warsaw,False,330,72,331.54833984375,337.191650390625,350.63165283203125,0.1926160752773285,1.1926159858703613,0.4583333333333333,0.17899829149246216,0.16666666666666666,0.6388888888888888,0.18055555555555555,0.013888888888888888,6.894083499908447,7.082708358764648,7.396249771118164,7.565000057220459,7.771083354949951,7.020111083984375,7.131111145019531,7.441111087799072,7.686388969421387,7.965444087982178,7.082708358764648,7.565000057220459,7.131111145019531,7.686388969421387
a330,F,Washington,False,330,12546,332.8500061035156,345.48333740234375,359.48333740234375,0.18604730069637299,1.1860473155975342,0.5249481906583772,0.17979754507541656,0.21919336840427228,0.5704607046070461,0.17766618842659015,0.032679738562091505,6.977499961853027,7.228333473205566,7.512499809265137,7.787499904632568,8.055000305175781,7.016666889190674,7.271111011505127,7.5688886642456055,7.852222442626953,8.144444465637207,7.228333473205566,7.787499904632568,7.271111011505127,7.852222442626953
a330,M,Amsterdam,False,330,1400,332.1166687011719,340.7916564941406,355.70001220703125,0.2725943922996521,1.2725944519042969,0.6914285714285714,0.2564723491668701,0.10642857142857143,0.4471428571428571,0.31357142857142856,0.13285714285714287,6.499833106994629,6.844791412353516,7.15291690826416,7.460416793823242,7.751916408538818,6.573999881744385,6.9252777099609375,7.252778053283691,7.57277774810791,7.907111167907715,6.844791412353516,7.460416793823242,6.9252777099609375,7.57277774810791
a330,M,Auckland,False,330,54,334.2149963378906,347.00836181640625,355.8316650390625,0.27879956364631653,1.2787995338439941,0.8518518518518519,0.26688438653945923,0.09259259259259259,0.35185185185185186,0.3888888888888889,0.16666666666666666,6.631666660308838,6.889791965484619,7.103750228881836,7.537291526794434,7.862833499908447,6.701111316680908,6.92722225189209,7.260000228881836,7.559721946716309,7.909444808959961,6.889791965484619,7.537291526794434,6.92722225189209,7.559721946716309
a330,M,Austin,False,330,382,332.318359375,343.941650390625,359.1050109863281,0.24753789603710175,1.2475379705429077,0.5968586387434555,0.23461703956127167,0.16753926701570682,0.46596858638743455,0.24083769633507854,0.1256544502617801,6.5660834312438965,6.930624961853027,7.317083358764648,7.6820831298828125,8.039833068847656,6.642110824584961,7.032777786254883,7.432222366333008,7.750555515289307,8.139555931091309,6.930624961853027,7.6820831298828125,7.032777786254883,7.750555515289307
a330,M,Barcelona,False,330,648,332.2066650390625,341.433349609375,354.7149963378906,0.21803538501262665,1.218035340309143,0.7083333333333334,0.2537047863006592,0.1574074074074074,0.4089506172839506,0.2808641975308642,0.1527777777777778,6.593667030334473,6.955833435058594,7.313750267028809,7.7604169845581055,8.072667121887207,6.482333183288574,6.845277786254883,7.190000057220459,7.554444313049316,7.964777946472168,6.955833435058594,7.7604169845581055,6.845277786254883,7.554444313049316
a330,M,Berlin,True,330,11212,332.3666687011719,343.941650390625,357.6833190917969,0.23510488867759705,1.2351049184799194,0.5948983232251159,0.2134760469198227,0.18078844095611846,0.5004459507670354,0.23769175882982518,0.08107384944702105,6.683416843414307,7.002500057220459,7.313333511352539,7.632500171661377,7.920749664306641,6.795666694641113,7.124166488647461,7.456666469573975,7.791110992431641,8.102222442626953,7.002500057220459,7.632500171661377,7.124166488647461,7.791110992431641
a330,M,Boston,True,330,1340,332.7983093261719,343.933349609375,357.01666259765625,0.24409367144107819,1.244093656539917,0.5365671641791044,0.21604207158088684,0.1761194029850746,0.5283582089552239,0.20970149253731343,0.08582089552238806,6.66225004196167,6.993958473205566,7.321249961853027,7.5966668128967285,7.851666450500488,6.816444396972656,7.150555610656738,7.515555381774902,7.794444561004639,8.050111770629883,6.993958473205566,7.5966668128967285,7.150555610656738,7.794444561004639
a330,M,Chicago,True,330,2822,332.7350158691406,344.57501220703125,358.1499938964844,0.2420474737882614,1.2420475482940674,0.6527285613040397,0.22924964129924774,0.15308291991495393,0.4709425939050319,0.2693125442948264,0.10666194188518781,6.649666786193848,6.98604154586792,7.3020830154418945,7.634791851043701,7.956500053405762,6.7324442863464355,7.055833339691162,7.383333206176758,7.751111030578613,8.07522201538086,6.98604154586792,7.634791851043701,7.055833339691162,7.751111030578613
a330,M,Copenhagen,False,330,1052,331.7016906738281,341.0,355.58001708984375,0.31479954719543457,1.3147996664047241,0.7832699619771863,0.29687586426734924,0.06844106463878327,0.3659695817490494,0.3650190114068441,0.2005703422053232,6.345333099365234,6.703750133514404,7.044583320617676,7.325624942779541,7.629833221435547,6.408222198486328,6.796111106872559,7.117222309112549,7.459722518920898,7.760777950286865,6.703750133514404,7.325624942779541,6.796111106872559,7.459722518920898
a330,M,Dubai,False,330,320,331.8466796875,343.42498779296875,354.6666564941406,0.33676233887672424,1.3367624282836914,0.875,0.31946420669555664,0.0375,0.30625,0.4125,0.24375,6.33216667175293,6.612916469573975,6.912916660308838,7.284583568572998,7.552666664123535,6.411110877990723,6.676111221313477,6.998888969421387,7.366666793823242,7.6797776222229,6.612916469573975,7.284583568572998,6.676111221313477,7.366666793823242
a330,M,Eindhoven,False,330,70,331.09832763671875,337.76666259765625,349.89166259765625,0.3291424810886383,1.329142451286316,0.8571428571428571,0.3216495215892792,0.04285714285714286,0.3,0.42857142857142855,0.22857142857142856,6.221250057220459,6.644166946411133,6.933333396911621,7.202291488647461,7.477916717529297,6.298222064971924,6.698888778686523,7.035555839538574,7.256111145019531,7.593111038208008,6.644166946411133,7.202291488647461,6.698888778686523,7.256111145019531
a330,M,Gold Coast,False,330,695,332.6199951171875,343.9666748046875,357.64666748046875,0.3188641369342804,1.318864107131958,0.841726618705036,0.3019323945045471,0.06906474820143885,0.33093525179856115,0.3971223021582734,0.20287769784172663,6.379499912261963,6.745416641235352,7.035833358764648,7.367083549499512,7.651333332061768,6.45977783203125,6.8188886642456055,7.144444465637207,7.467222213745117,7.749777793884277,6.745416641235352,7.367083549499512,6.8188886642456055,7.467222213745117
a330,M,Helsinki,False,330,173,331.316650390625,343.45001220703125,357.8233337402344,0.20329689979553223,1.2032967805862427,0.5549132947976878,0.210553377866745,0.1329479768786127,0.5549132947976878,0.24855491329479767,0.06358381502890173,6.850832939147949,7.108333110809326,7.429999828338623,7.736666679382324,7.880500316619873,6.801111221313477,7.044444561004639,7.375555515289307,7.704444408416748,7.8835554122924805,7.108333110809326,7.736666679382324,7.044444561004639,7.704444408416748
a330,M,London,True,330,9175,332.5,343.9666748046875,357.3999938964844,0.2576095759868622,1.2576096057891846,0.6398910081743869,0.23050837218761444,0.13362397820163488,0.500817438692098,0.2747683923705722,0.09079019073569482,6.633333206176758,6.932499885559082,7.234166622161865,7.539999961853027,7.839166641235352,6.773777961730957,7.085555553436279,7.402222156524658,7.730000019073486,8.031110763549805,6.932499885559082,7.539999961853027,7.085555553436279,7.730000019073486
a330,M,Madrid,False,330,1603,331.9366455078125,341.6333312988281,356.33001708984375,0.23855741322040558,1.2385573387145996,0.8209606986899564,0.28241875767707825,0.06862133499688085,0.3880224578914535,0.36618839675608233,0.1771678103555833,6.576333522796631,6.928750038146973,7.268333435058594,7.5958333015441895,7.903833389282227,6.352666854858398,6.648333549499512,7.025555610656738,7.344444274902344,7.674666881561279,6.928750038146973,7.5958333015441895,6.648333549499512,7.344444274902344
a330,M,New York,True,330,9184,332.6666564941406,344.1333312988281,359.0950012207031,0.24280256032943726,1.2428025007247925,0.60801393728223,0.22484128177165985,0.1518945993031359,0.49771341463414637,0.26056184668989546,0.0898301393728223,6.668583393096924,6.991666793823242,7.309999942779541,7.6583333015441895,7.975583553314209,6.782222270965576,7.106666564941406,7.4277777671813965,7.7688889503479,8.10111141204834,6.991666793823242,7.6583333015441895,7.106666564941406,7.7688889503479
a330,M,Oslo,False,330,71,332.5,339.79998779296875,355.5333251953125,0.28433141112327576,1.2843314409255981,0.7464788732394366,0.29548871517181396,0.07042253521126761,0.29577464788732394,0.4647887323943662,0.16901408450704225,6.598333358764648,6.815833568572998,7.114999771118164,7.298333168029785,7.706666469573975,6.667778015136719,6.867221832275391,7.157777786254883,7.357222557067871,7.760000228881836,6.815833568572998,7.298333168029785,6.867221832275391,7.357222557067871
a330,M,Paris,False,330,1895,332.19000244140625,341.6833190917969,355.9766845703125,0.28183797001838684,1.2818379402160645,0.7477572559366754,0.26176735758781433,0.08970976253298153,0.45435356200527705,0.3150395778364116,0.14089709762532981,6.476166725158691,6.822500228881836,7.138333320617676,7.459166526794434,7.7173333168029785,6.5715556144714355,6.9422221183776855,7.265555381774902,7.603333473205566,7.834444522857666,6.822500228881836,7.459166526794434,6.9422221183776855,7.603333473205566
a330,M,Prague,False,330,371,331.48333740234375,342.5,357.3833312988281,0.20002956688404083,1.2000296115875244,0.8328840970350404,0.276435911655426,0.06199460916442048,0.4555256064690027,0.30727762803234504,0.1752021563342318,6.693333148956299,7.126250267028809,7.480000019073486,7.777083396911621,8.000833511352539,6.335555553436279,6.675000190734863,7.021111011505127,7.2688889503479,7.578888893127441,7.126250267028809,7.777083396911621,6.675000190734863,7.2688889503479
a330,M,Rotterdam,False,330,800,331.33001708984375,338.51666259765625,352.43499755859375,0.2954113483428955,1.2954113483428955,0.77,0.2747747004032135,0.0525,0.4525,0.365,0.13,6.484583377838135,6.791666507720947,7.039999961853027,7.319166660308838,7.558666706085205,6.551111221313477,6.910555362701416,7.159444332122803,7.451944351196289,7.681666851043701,6.791666507720947,7.319166660308838,6.910555362701416,7.451944351196289
a330,M,Singapore,False,330,1091,333.25,345.0666809082031,357.1666564941406,0.2266114354133606,1.2266114950180054,0.6562786434463794,0.21868546307086945,0.17048579285059579,0.4821264894592117,0.26397800183318054,0.08340971585701192,6.71999979019165,7.039583206176758,7.34499979019165,7.680833339691162,7.947500228881836,6.778888702392578,7.102222442626953,7.421111106872559,7.733888626098633,8.01111125946045,7.039583206176758,7.680833339691162,7.102222442626953,7.733888626098633
a330,M,Sydney,False,330,222,332.816650390625,342.2166748046875,356.42999267578125,0.28751829266548157,1.2875185012817383,0.7972972972972973,0.26838746666908264,0.08108108108108109,0.4189189189189189,0.35135135135135137,0.14864864864864866,6.464916706085205,6.757083415985107,7.0958333015441895,7.455833435058594,7.738749980926514,6.615555286407471,6.904999732971191,7.256111145019531,7.581666469573975,7.954111099243164,6.757083415985107,7.455833435058594,6.904999732971191,7.581666469573975
a330,M,Valencia,False,330,230,331.3733215332031,337.3416748046875,347.7516784667969,0.281478613615036,1.2814786434173584,0.7304347826086957,0.26473554968833923,0.09130434782608696,0.45217391304347826,0.3217391304347826,0.13478260869565217,6.4432501792907715,6.769374847412109,7.05916690826416,7.324375152587891,7.612416744232178,6.484333515167236,6.84250020980835,7.143333435058594,7.483333587646484,7.762333393096924,6.769374847412109,7.324375152587891,6.84250020980835,7.483333587646484
a330,M,Warsaw,False,330,134,331.4433288574219,338.92498779296875,351.87664794921875,0.25213178992271423,1.2521318197250366,0.6268656716417911,0.23760397732257843,0.1044776119402985,0.47761194029850745,0.30597014925373134,0.11194029850746269,6.556333541870117,6.863749980926514,7.133749961853027,7.487916469573975,7.781416416168213,6.60111141204834,6.929444313049316,7.269999980926514,7.561666488647461,7.8661112785339355,6.863749980926514,7.487916469573975,6.929444313049316,7.561666488647461
a330,M,Washington,False,330,10223,332.9166564941406,345.48333740234375,361.6266784667969,0.2626706063747406,1.2626705169677734,0.745084613127262,0.2553005814552307,0.10613322899344615,0.44282500244546613,0.3148782157879292,0.13616355277315856,6.618500232696533,6.940000057220459,7.269999980926514,7.616666793823242,7.929166793823242,6.638888835906982,6.981666564941406,7.3222222328186035,7.676666736602783,8.01111125946045,6.940000057220459,7.616666793823242,6.981666564941406,7.676666736602783
a360,F,Amsterdam,False,360,258,361.5233459472656,369.6333312988281,382.2799987792969,0.20270195603370667,1.2027020454406738,0.3953488372093023,0.17635218799114227,0.23255813953488372,0.5697674418604651,0.14728682170542637,0.050387596899224806,7.419416427612305,7.725416660308838,7.982916831970215,8.25,8.486833572387695,7.662222385406494,7.914444446563721,8.211111068725586,8.45222282409668,8.636221885681152,7.725416660308838,8.25,7.914444446563721,8.45222282409668
a360,F,Auckland,False,360,33,362.6933288574219,368.7833251953125,386.2200012207031,0.17264245450496674,1.1726423501968384,0.48484848484848486,0.16075880825519562,0.3939393939393939,0.48484848484848486,0.09090909090909091,0.030303030303030304,7.619999885559082,7.9066667556762695,8.103333473205566,8.453332901000977,8.831832885742188,7.773777961730957,8.015555381774902,8.239999771118164,8.546667098999023,8.857333183288574,7.9066667556762695,8.453332901000977,8.015555381774902,8.546667098999023
a360,F,Austin,False,360,190,362.9416809082031,373.73333740234375,386.90167236328125,0.19825121760368347,1.1982513666152954,0.4368421052631579,0.17868375778198242,0.2631578947368421,0.5263157894736842,0.15263157894736842,0.05789473684210526,7.418000221252441,7.771874904632568,8.10333251953125,8.406042098999023,8.667916297912598,7.5155558586120605,7.928055763244629,8.268888473510742,8.548333168029785,8.746000289916992,7.771874904632568,8.406042098999023,7.928055763244629,8.548333168029785
a360,F,Barcelona,False,360,85,361.1166687011719,365.4666748046875,377.9433288574219,0.1888069361448288,1.1888070106506348,0.4588235294117647,0.1971883922815323,0.11764705882352941,0.6941176470588235,0.11764705882352941,0.07058823529411765,7.357833385467529,7.734166622161865,8.023333549499512,8.229999542236328,8.514833450317383,7.473111152648926,7.77222204208374,7.974444389343262,8.2122220993042,8.417555809020996,7.734166622161865,8.229999542236328,7.77222204208374,8.2122220993042
a360,F,Berlin,True,360,4130,362.0149841308594,371.1833190917969,385.3166809082031,0.1605672985315323,1.1605671644210815,0.2864406779661017,0.13372468948364258,0.43995157384987893,0.4523002421307506,0.08619854721549637,0.021549636803874093,7.5958333015441895,7.900000095367432,8.189582824707031,8.470000267028809,8.70674991607666,7.789888858795166,8.10777759552002,8.421667098999023,8.706666946411133,8.967778205871582,7.900000095367432,8.470000267028809,8.10777759552002,8.706666946411133
a360,F,Boston,True,360,327,360.76666259765625,364.2833251953125,373.6966552734375,0.18287424743175507,1.1828742027282715,0.26299694189602446,0.15250927209854126,0.38837920489296635,0.5015290519877675,0.0672782874617737,0.04281345565749235,7.421833515167236,7.774583339691162,8.021666526794434,8.230833053588867,8.397333145141602,7.647555828094482,8.0,8.235555648803711,8.470000267028809,8.61400032043457,7.774583339691162,8.230833053588867,8.0,8.470000267028809
a360,F,Chicago,True,360,2599,362.61334228515625,374.0,387.4533386230469,0.1720556616783142,1.1720556020736694,0.3755290496344748,0.1532776951789856,0.308964986533282,0.5640631011927665,0.10696421700654098,0.020007695267410544,7.646666526794434,7.902083396911621,8.182499885559082,8.459166526794434,8.710000038146973,7.775333404541016,8.043888092041016,8.342222213745117,8.609443664550781,8.876667022705078,7.902083396911621,8.459166526794434,8.043888092041016,8.609443664550781
a360,F,Copenhagen,False,360,178,361.3599853515625,368.79168701171875,380.5716857910156,0.21996688842773438,1.2199668884277344,0.47191011235955055,0.19089214503765106,0.14606741573033707,0.6573033707865169,0.15730337078651685,0.03932584269662921,7.393499851226807,7.633541584014893,7.904582977294922,8.100208282470703,8.369750022888184,7.502000331878662,7.82277774810791,8.09666633605957,8.358888626098633,8.516111373901367,7.633541584014893,8.100208282470703,7.82277774810791,8.358888626098633
a360,F,Gold Coast,False,360,434,362.6499938964844,373.45001220703125,386.60333251953125,0.2582411468029022,1.2582411766052246,0.6774193548387096,0.23349496722221375,0.0967741935483871,0.5138248847926268,0.30184331797235026,0.08755760368663594,7.205333232879639,7.561041831970215,7.84708309173584,8.137290954589844,8.384583473205566,7.371333122253418,7.700555324554443,8.014444351196289,8.293888092041016,8.557555198669434,7.561041831970215,8.137290954589844,7.700555324554443,8.293888092041016
a360,F,London,True,360,8164,362.55499267578125,373.8500061035156,387.29498291015625,0.17651331424713135,1.1765133142471313,0.36758941695247427,0.14874599874019623,0.33782459578637924,0.5371141597256247,0.10766780989710927,0.01739343459088682,7.606666564941406,7.877500057220459,8.150833129882812,8.4350004196167,8.68416690826416,7.801111221313477,8.08666706085205,8.374444007873535,8.660277366638184,8.937444686889648,7.877500057220459,8.4350004196167,8.08666706085205,8.660277366638184
a360,F,Madrid,False,360,62,360.7183532714844,364.5083312988281,378.24835205078125,0.22935503721237183,1.229354977607727,0.5806451612903226,0.2299136221408844,0.1774193548387097,0.4838709677419355,0.24193548387096775,0.0967741935483871,7.034249782562256,7.5127081871032715,7.857916831970215,8.130624771118164,8.353082656860352,7.085777759552002,7.43916654586792,7.849999904632568,8.167778015136719,8.402222633361816,7.5127081871032715,8.130624771118164,7.43916654586792,8.167778015136719
a360,F,New York,True,360,6632,362.48333740234375,374.3333435058594,388.26666259765625,0.17680150270462036,1.1768014430999756,0.36791314837153194,0.15727807581424713,0.2858866103739445,0.5708685162846804,0.12092882991556092,0.022316043425814235,7.608582973480225,7.885833263397217,8.172499656677246,8.455833435058594,8.72249984741211,7.763333320617676,8.038888931274414,8.327777862548828,8.605555534362793,8.878778457641602,7.885833263397217,8.455833435058594,8.038888931274414,8.605555534362793
a360,F,Paris,False,360,570,361.5466613769531,370.5916748046875,383.4516906738281,0.21853670477867126,1.2185367345809937,0.5245614035087719,0.18953937292099,0.18947368421052632,0.5982456140350877,0.1631578947368421,0.04912280701754386,7.362083435058594,7.697708606719971,7.97166633605957,8.208125114440918,8.433416366577148,7.548333168029785,7.8813886642456055,8.164999961853027,8.437777519226074,8.68911075592041,7.697708606719971,8.208125114440918,7.8813886642456055,8.437777519226074
a360,F,Prague,False,360,148,362.76666259765625,371.4083251953125,384.26165771484375,0.16315731406211853,1.1631572246551514,0.7094594594594594,0.22283388674259186,0.08108108108108109,0.5405405405405406,0.33783783783783783,0.04054054054054054,7.640083312988281,7.884374618530273,8.157083511352539,8.463541030883789,8.68066692352295,7.226666450500488,7.486110687255859,7.723333358764648,8.089166641235352,8.309222221374512,7.884374618530273,8.463541030883789,7.486110687255859,8.089166641235352
a360,F,Rotterdam,False,360,34,360.6650085449219,364.8499755859375,372.6816711425781,0.22786851227283478,1.2278685569763184,0.47058823529411764,0.1954721212387085,0.14705882352941177,0.6176470588235294,0.17647058823529413,0.058823529411764705,7.30816650390625,7.524167060852051,7.796666622161865,7.960208415985107,8.099166870117188,7.4824442863464355,7.706110954284668,8.047222137451172,8.178889274597168,8.349111557006836,7.524167060852051,7.960208415985107,7.706110954284668,8.178889274597168
a360,F,Singapore,False,360,195,362.45001220703125,372.9166564941406,387.6066589355469,0.1949353665113449,1.1949354410171509,0.5794871794871795,0.17752887308597565,0.19487179487179487,0.6256410256410256,0.1641025641025641,0.015384615384615385,7.572666645050049,7.756249904632568,8.079999923706055,8.299166679382324,8.552165985107422,7.670000076293945,7.883889198303223,8.211111068725586,8.457221984863281,8.75,7.756249904632568,8.299166679382324,7.883889198303223,8.457221984863281
a360,F,Washington,False,360,6627,362.4333190917969,373.8999938964844,388.5666809082031,0.20952719449996948,1.2095272541046143,0.606156631960163,0.1976706087589264,0.15074694431869623,0.5975554549569941,0.21050248981439565,0.04119511090991399,7.482500076293945,7.759166717529297,8.043333053588867,8.327083587646484,8.578666687011719,7.567777633666992,7.842222213745117,8.134444236755371,8.433333396911621,8.704444885253906,7.759166717529297,8.327083587646484,7.842222213745117,8.433333396911621
a360,M,Amsterdam,False,360,317,362.0233154296875,368.98333740234375,384.4266662597656,0.28702104091644287,1.2870210409164429,0.6277602523659306,0.26552197337150574,0.13564668769716087,0.41324921135646686,0.29652996845425866,0.15457413249211358,6.956333160400391,7.333333492279053,7.755000114440918,8.145000457763672,8.39900016784668,7.066666603088379,7.475555419921875,7.9522223472595215,8.3100004196167,8.57800006866455,7.333333492279053,8.145000457763672,7.475555419921875,8.3100004196167
a360,M,Austin,False,360,168,361.76165771484375,372.20001220703125,386.70501708984375,0.27418890595436096,1.2741889953613281,0.6369047619047619,0.2559761703014374,0.14285714285714285,0.42857142857142855,0.27380952380952384,0.15476190476190477,6.947333335876465,7.3885416984558105,7.893333435058594,8.168333053588867,8.594499588012695,7.081777572631836,7.582499980926514,8.03166675567627,8.310555458068848,8.691999435424805,7.3885416984558105,8.168333053588867,7.582499980926514,8.310555458068848
a360,M,Barcelona,False,360,109,360.989990234375,364.7166748046875,374.23333740234375,0.22975683212280273,1.2297565937042236,0.5871559633027523,0.25738775730133057,0.2018348623853211,0.3853211009174312,0.24770642201834864,0.1651376146788991,6.912499904632568,7.269166469573975,7.84499979019165,8.332500457763672,8.663333892822266,6.909111022949219,7.3466668128967285,7.8077778816223145,8.168889045715332,8.440221786499023,7.269166469573975,8.332500457763672,7.3466668128967285,8.168889045715332
a360,M,Berlin,True,360,3934,361.8833312988281,371.1000061035156,385.54998779296875,0.22051331400871277,1.2205132246017456,0.4659379766141332,0.19065263867378235,0.2595322826639553,0.4893238434163701,0.18632435180477885,0.06481952211489578,7.271083354949951,7.631041526794434,7.985000133514404,8.307083129882812,8.59533405303955,7.443666458129883,7.835833549499512,8.209444046020508,8.547778129577637,8.827444076538086,7.631041526794434,8.307083129882812,7.835833549499512,8.547778129577637
a360,M,Boston,True,360,257,361.2200012207031,365.5333251953125,384.4566650390625,0.23327143490314484,1.2332714796066284,0.4396887159533074,0.2009194791316986,0.26459143968871596,0.48638132295719844,0.17898832684824903,0.07003891050583658,7.182000160217285,7.5991668701171875,7.868333339691162,8.183333396911621,8.432833671569824,7.38266658782959,7.796666622161865,8.146666526794434,8.435555458068848,8.763555526733398,7.5991668701171875,8.183333396911621,7.796666622161865,8.435555458068848
a360,M,Chicago,True,360,1477,362.4433288574219,374.3999938964844,387.7066650390625,0.22959966957569122,1.2295995950698853,0.5781990521327014,0.20875580608844757,0.1780636425186188,0.5145565335138795,0.23222748815165878,0.07515233581584292,7.2776665687561035,7.621666431427002,7.989999771118164,8.30916690826416,8.602333068847656,7.407777786254883,7.756666660308838,8.135555267333984,8.481111526489258,8.788222312927246,7.621666431427002,8.30916690826416,7.756666660308838,8.481111526489258
a360,M,Copenhagen,False,360,205,361.6533203125,369.8166809082031,384.91998291015625,0.308896005153656,1.3088960647583008,0.6536585365853659,0.2842704951763153,0.08292682926829269,0.43902439024390244,0.28292682926829266,0.1951219512195122,6.827499866485596,7.2816667556762695,7.700833320617676,8.022500038146973,8.389666557312012,6.985555648803711,7.44777774810791,7.87666654586792,8.217778205871582,8.492444038391113,7.2816667556762695,8.022500038146973,7.44777774810791,8.217778205871582
a360,M,Dubai,False,360,47,360.8566589355469,369.6333312988281,380.8299865722656,0.3441716432571411,1.3441716432571411,0.8936170212765957,0.3087921142578125,0.0425531914893617,0.3829787234042553,0.2765957446808511,0.2978723404255319,6.743500232696533,7.0629167556762695,7.520833492279053,7.8125,8.080499649047852,6.913777828216553,7.275555610656738,7.7622222900390625,8.114999771118164,8.304888725280762,7.0629167556762695,7.8125,7.275555610656738,8.114999771118164
a360,M,Gold Coast,False,360,392,362.13665771484375,373.1666564941406,386.60333251953125,0.3358757197856903,1.3358758687973022,0.798469387755102,0.30836912989616394,0.08163265306122448,0.30357142857142855,0.37244897959183676,0.2423469387755102,6.831833362579346,7.201666831970215,7.589583396911621,7.916041374206543,8.340499877929688,6.963444232940674,7.362222194671631,7.758333206176758,8.102777481079102,8.535444259643555,7.201666831970215,7.916041374206543,7.362222194671631,8.102777481079102
a360,M,Helsinki,False,360,32,361.47833251953125,365.808349609375,374.9483337402344,0.20027799904346466,1.2002780437469482,0.59375,0.19846245646476746,0.25,0.46875,0.1875,0.09375,7.331166744232178,7.650000095367432,7.832083702087402,8.20979118347168,8.560083389282227,7.378889083862305,7.704444408416748,7.882778167724609,8.200833320617676,8.455333709716797,7.650000095367432,8.20979118347168,7.704444408416748,8.200833320617676
a360,M,London,True,360,4619,362.5833435058594,373.7166748046875,387.3166809082031,0.2573119103908539,1.2573118209838867,0.5700368045031392,0.22294066846370697,0.17103269105867072,0.493613336219961,0.23966226455942843,0.09569170816193981,7.166500091552734,7.541250228881836,7.899166584014893,8.223333358764648,8.520999908447266,7.369999885559082,7.769444465637207,8.140000343322754,8.483333587646484,8.78355598449707,7.541250228881836,8.223333358764648,7.769444465637207,8.483333587646484
a360,M,Madrid,False,360,110,360.49334716796875,363.67498779296875,376.8233337402344,0.2983023524284363,1.298302412033081,0.7909090909090909,0.3086160123348236,0.07272727272727272,0.38181818181818183,0.33636363636363636,0.20909090909090908,6.667250156402588,7.308541297912598,7.613333225250244,7.867916584014893,8.152166366577148,6.628777980804443,7.151666641235352,7.687777519226074,7.981389045715332,8.239555358886719,7.308541297912598,7.867916584014893,7.151666641235352,7.981389045715332
a360,M,New York,True,360,4229,362.45001220703125,374.8999938964844,389.23333740234375,0.24551376700401306,1.245513677597046,0.570347599905415,0.2219734936952591,0.15772050130054385,0.5067391818396784,0.2511231969732797,0.08441711988649798,7.244833469390869,7.606666564941406,7.955833435058594,8.308333396911621,8.623332977294922,7.393111228942871,7.774444580078125,8.112222671508789,8.461111068725586,8.814444541931152,7.606666564941406,8.308333396911621,7.774444580078125,8.461111068725586
a360,M,Paris,False,360,581,361.9333190917969,370.2166748046875,384.6333312988281,0.31490543484687805,1.3149055242538452,0.7022375215146299,0.2808317244052887,0.08261617900172118,0.4457831325301205,0.28055077452667815,0.19104991394148021,6.883333206176758,7.269999980926514,7.692500114440918,8.026666641235352,8.299166679382324,6.983333110809326,7.482222080230713,7.8822221755981445,8.283333778381348,8.598889350891113,7.269999980926514,8.026666641235352,7.482222080230713,8.283333778381348
a360,M,Prague,False,360,172,362.23333740234375,373.0999755859375,385.94000244140625,0.23358866572380066,1.233588695526123,0.7906976744186046,0.2954927384853363,0.0755813953488372,0.3488372093023256,0.37790697674418605,0.19767441860465115,7.160416603088379,7.592499732971191,7.951666831970215,8.363541603088379,8.623749732971191,6.907222270965576,7.163888931274414,7.591111183166504,7.94611120223999,8.184555053710938,7.592499732971191,8.363541603088379,7.163888931274414,7.94611120223999
a360,M,Rotterdam,False,360,36,362.1000061035156,365.54998779296875,376.07501220703125,0.35488712787628174,1.3548872470855713,0.7777777777777778,0.32001733779907227,0.08333333333333333,0.4166666666666667,0.2777777777777778,0.2222222222222222,6.430833339691162,7.133125305175781,7.470000267028809,7.772291660308838,8.194999694824219,6.5966668128967285,7.349444389343262,7.704444885253906,7.983055591583252,8.287221908569336,7.133125305175781,7.772291660308838,7.349444389343262,7.983055591583252
a360,M,Singapore,False,360,757,362.6833190917969,375.5833435058594,386.7699890136719,0.2589840888977051,1.2589839696884155,0.71334214002642,0.24142605066299438,0.11360634081902246,0.47424042272126815,0.309114927344782,0.10303830911492734,7.185500144958496,7.548333168029785,7.863333225250244,8.191666603088379,8.481999397277832,7.316444396972656,7.690000057220459,8.002222061157227,8.34000015258789,8.60533332824707,7.548333168029785,8.191666603088379,7.690000057220459,8.34000015258789
a360,M,Sydney,False,360,37,361.44000244140625,365.45001220703125,372.83331298828125,0.3314445912837982,1.3314446210861206,0.8108108108108109,0.2917941212654114,0.08108108108108109,0.32432432432432434,0.3783783783783784,0.21621621621621623,6.956166744232178,7.162499904632568,7.31083345413208,7.651666641235352,8.086666107177734,7.185333251953125,7.3577775955200195,7.5966668128967285,7.995555400848389,8.317333221435547,7.162499904632568,7.651666641235352,7.3577775955200195,7.995555400848389
a360,M,Washington,False,360,4594,362.5666809082031,373.9750061035156,389.0,0.28532305359840393,1.285323143005371,0.7734000870700914,0.2708708941936493,0.07444492816717457,0.435132781889421,0.3367435785807575,0.15367871136264694,7.086333274841309,7.446041584014893,7.807499885559082,8.14645767211914,8.46916675567627,7.165111064910889,7.533611297607422,7.908888816833496,8.255555152893066,8.595555305480957,7.446041584014893,8.14645767211914,7.533611297607422,8.255555152893066
a390,F,Amsterdam,False,390,52,391.17999267578125,399.566650390625,412.0816650390625,0.21748383343219757,1.2174837589263916,0.5961538461538461,0.19299228489398956,0.1346153846153846,0.5384615384615384,0.28846153846153844,0.038461538461538464,7.912916660308838,8.238750457763672,8.588333129882812,8.917707443237305,9.059000015258789,8.031444549560547,8.512499809265137,8.878889083862305,9.11388874053955,9.344667434692383,8.238750457763672,8.917707443237305,8.512499809265137,9.11388874053955
a390,F,Austin,False,390,104,393.0,402.7583312988281,415.4800109863281,0.17132948338985443,1.1713294982910156,0.3942307692307692,0.15245386958122253,0.33653846153846156,0.5096153846153846,0.14423076923076922,0.009615384615384616,8.18066692352295,8.462708473205566,8.809165954589844,9.133125305175781,9.32550048828125,8.252666473388672,8.678889274597168,8.904999732971191,9.251667022705078,9.51300048828125,8.462708473205566,9.133125305175781,8.678889274597168,9.251667022705078
a390,F,Berlin,True,390,785,391.1733093261719,397.4666748046875,412.760009765625,0.1718825101852417,1.1718825101852417,0.29044585987261146,0.1378878951072693,0.44331210191082804,0.44713375796178345,0.08535031847133757,0.024203821656050957,8.124500274658203,8.478333473205566,8.790833473205566,9.025833129882812,9.24233341217041,8.404889106750488,8.76111125946045,9.071110725402832,9.3100004196167,9.57622241973877,8.478333473205566,9.025833129882812,8.76111125946045,9.3100004196167
a390,F,Chicago,True,390,1325,392.1733093261719,401.70001220703125,415.95001220703125,0.16452409327030182,1.1645241975784302,0.30943396226415093,0.14263376593589783,0.3818867924528302,0.5033962264150943,0.08528301886792453,0.02943396226415094,8.236332893371582,8.554166793823242,8.874166488647461,9.132499694824219,9.361332893371582,8.444666862487793,8.732222557067871,9.053333282470703,9.344444274902344,9.618444442749023,8.554166793823242,9.132499694824219,8.732222557067871,9.344444274902344
a390,F,Gold Coast,False,390,68,390.72998046875,393.23333740234375,398.59832763671875,0.23896610736846924,1.2389662265777588,0.4117647058823529,0.20577222108840942,0.16176470588235295,0.6176470588235294,0.14705882352941177,0.07352941176470588,7.695916652679443,8.151458740234375,8.47458267211914,8.682708740234375,8.781916618347168,7.921555519104004,8.456389427185059,8.682777404785156,8.937777519226074,9.067889213562012,8.151458740234375,8.682708740234375,8.456389427185059,8.937777519226074
a390,F,London,True,390,4551,392.3999938964844,403.20001220703125,417.1000061035156,0.18569257855415344,1.185692548751831,0.3748626675455944,0.15367799997329712,0.3212480773456383,0.5447154471544715,0.1078883761810591,0.026148099318831025,8.140832901000977,8.46833324432373,8.768333435058594,9.0600004196167,9.335000038146973,8.38888931274414,8.723888397216797,9.042222023010254,9.355555534362793,9.63888931274414,8.46833324432373,9.0600004196167,8.723888397216797,9.355555534362793
a390,F,New York,True,390,3802,392.7350158691406,404.4166564941406,418.6166687011719,0.18693090975284576,1.186930775642395,0.37480273540241976,0.16425099968910217,0.27248816412414517,0.5746975276170436,0.12361914781693846,0.0291951604418727,8.201666831970215,8.490833282470703,8.792499542236328,9.096458435058594,9.367500305175781,8.371444702148438,8.666666984558105,8.985555648803711,9.293055534362793,9.554444313049316,8.490833282470703,9.096458435058594,8.666666984558105,9.293055534362793
a390,F,Paris,False,390,80,391.1600036621094,402.0083312988281,413.0883483886719,0.17614081501960754,1.1761407852172852,0.4375,0.17191891372203827,0.2625,0.55,0.15,0.0375,7.9299163818359375,8.429583549499512,8.701250076293945,9.005833625793457,9.303499221801758,7.92822265625,8.577221870422363,8.911110877990723,9.204444885253906,9.456666946411133,8.429583549499512,9.005833625793457,8.577221870422363,9.204444885253906
a390,F,Prague,False,390,83,392.9700012207031,403.6499938964844,414.4200134277344,0.1905178278684616,1.190517783164978,0.7590361445783133,0.23552432656288147,0.060240963855421686,0.6144578313253012,0.2891566265060241,0.03614457831325301,8.161333084106445,8.540416717529297,8.8125,9.079999923706055,9.206167221069336,7.772444725036621,8.195555686950684,8.501111030578613,8.742777824401855,8.99333381652832,8.540416717529297,9.079999923706055,8.195555686950684,8.742777824401855
a390,F,Singapore,False,390,195,392.0566711425781,402.01666259765625,416.6600036621094,0.2154247909784317,1.2154247760772705,0.5948717948717949,0.1936347782611847,0.2,0.5384615384615384,0.21025641025641026,0.05128205128205128,7.983999729156494,8.244583129882812,8.635000228881836,8.979166030883789,9.182833671569824,8.183777809143066,8.437777519226074,8.877778053283691,9.139999389648438,9.373332977294922,8.244583129882812,8.979166030883789,8.437777519226074,9.139999389648438
a390,F,Washington,False,390,2353,391.9666748046875,401.1166687011719,416.1066589355469,0.2378765493631363,1.2378766536712646,0.7207819804504887,0.22192467749118805,0.08584785380365491,0.5949851253718657,0.25116872078198044,0.06799830004249893,7.900333404541016,8.225000381469727,8.539999961853027,8.839166641235352,9.077500343322754,8.018221855163574,8.34666633605957,8.65999984741211,8.95111083984375,9.233333587646484,8.225000381469727,8.839166641235352,8.34666633605957,8.95111083984375
a390,M,Amsterdam,False,390,80,391.62664794921875,400.82501220703125,414.63665771484375,0.2908650040626526,1.2908649444580078,0.6375,0.25272756814956665,0.1125,0.45,0.275,0.1625,7.482249736785889,7.975416660308838,8.331666946411133,8.679374694824219,9.115249633789062,7.631333351135254,8.276945114135742,8.63611125946045,8.9022216796875,9.44777774810791,7.975416660308838,8.679374694824219,8.276945114135742,8.9022216796875
a390,M,Austin,False,390,119,392.3933410644531,401.0,411.4966735839844,0.24609367549419403,1.2460938692092896,0.5546218487394958,0.22585506737232208,0.15966386554621848,0.5042016806722689,0.226890756302521,0.1092436974789916,7.611833095550537,8.108333587646484,8.46500015258789,8.942500114440918,9.269499778747559,7.87000036239624,8.322221755981445,8.646666526794434,9.11111068725586,9.329333305358887,8.108333587646484,8.942500114440918,8.322221755981445,9.11111068725586
a390,M,Berlin,True,390,710,391.31500244140625,398.1583251953125,411.981689453125,0.24234075844287872,1.2423408031463623,0.44084507042253523,0.20432592928409576,0.271830985915493,0.49577464788732395,0.1563380281690141,0.07605633802816901,7.8067498207092285,8.226875305175781,8.563749313354492,8.872082710266113,9.20199966430664,8.039777755737305,8.532499313354492,8.864999771118164,9.194999694824219,9.493888854980469,8.226875305175781,8.872082710266113,8.532499313354492,9.194999694824219
a390,M,Boston,True,390,36,391.4083251953125,400.4083251953125,417.10833740234375,0.3472467362880707,1.3472466468811035,0.5277777777777778,0.3088873326778412,0.1388888888888889,0.5555555555555556,0.16666666666666666,0.1388888888888889,7.490833282470703,8.11791706085205,8.519166946411133,8.734999656677246,9.432499885559082,7.679444313049316,8.436944961547852,8.866111755371094,9.087778091430664,9.263333320617676,8.11791706085205,8.734999656677246,8.436944961547852,9.087778091430664
a390,M,Chicago,True,390,600,392.3616638183594,401.5083312988281,417.0249938964844,0.2253420501947403,1.225342035293579,0.5166666666666667,0.19742846488952637,0.21,0.5233333333333333,0.205,0.06166666666666667,7.939833641052246,8.24666690826416,8.604999542236328,8.93041706085205,9.255000114440918,8.132222175598145,8.46833324432373,8.855555534362793,9.15250015258789,9.465777397155762,8.24666690826416,8.93041706085205,8.46833324432373,9.15250015258789
a390,M,Copenhagen,False,390,35,392.79998779296875,399.1666564941406,411.75665283203125,0.41644486784935,1.4164448976516724,0.7714285714285715,0.3993772268295288,0.02857142857142857,0.4,0.22857142857142856,0.34285714285714286,6.5363335609436035,7.510416507720947,8.015000343322754,8.612916946411133,8.882833480834961,6.72511100769043,7.5933332443237305,8.326666831970215,8.763333320617676,9.058222770690918,7.510416507720947,8.612916946411133,7.5933332443237305,8.763333320617676
a390,M,Gold Coast,False,390,55,390.2466735839844,392.9166564941406,399.3799743652344,0.27858656644821167,1.2785863876342773,0.6727272727272727,0.24949748814105988,0.10909090909090909,0.41818181818181815,0.36363636363636365,0.10909090909090909,7.56850004196167,7.902083396911621,8.164999961853027,8.578750610351562,8.825333595275879,7.76200008392334,8.015555381774902,8.374444007873535,8.800556182861328,9.044221878051758,7.902083396911621,8.578750610351562,8.015555381774902,8.800556182861328
a390,M,London,True,390,2313,392.25,402.8500061035156,417.1166687011719,0.25696852803230286,1.2569684982299805,0.551664504971898,0.21769244968891144,0.18590575010808474,0.5097276264591439,0.21833117163856464,0.08603545179420666,7.775500297546387,8.157500267028809,8.525833129882812,8.8774995803833,9.198999404907227,8.044888496398926,8.45111083984375,8.824444770812988,9.181111335754395,9.51200008392334,8.157500267028809,8.8774995803833,8.45111083984375,9.181111335754395
a390,M,New York,True,390,2282,392.5,403.8500061035156,418.8316650390625,0.2386607825756073,1.2386608123779297,0.5394390885188431,0.21278561651706696,0.18930762489044697,0.5030674846625767,0.2182296231375986,0.08939526730937773,7.790916919708252,8.20604133605957,8.612916946411133,8.98062515258789,9.33566665649414,8.010000228881836,8.410277366638184,8.832221984863281,9.184444427490234,9.551000595092773,8.20604133605957,8.98062515258789,8.410277366638184,9.184444427490234
a390,M,Paris,False,390,88,391.67498779296875,400.39166259765625,411.8383483886719,0.2958363890647888,1.295836329460144,0.6818181818181818,0.26865312457084656,0.1590909090909091,0.4431818181818182,0.23863636363636365,0.1590909090909091,7.396583080291748,7.8614583015441895,8.238750457763672,8.72729206085205,9.077750205993652,7.567111015319824,8.075833320617676,8.667778015136719,8.953888893127441,9.254222869873047,7.8614583015441895,8.72729206085205,8.075833320617676,8.953888893127441
a390,M,Prague,False,390,75,392.0466613769531,402.6166687011719,415.85333251953125,0.21666628122329712,1.2166661024093628,0.76,0.2601262331008911,0.08,0.4666666666666667,0.3466666666666667,0.10666666666666667,8.116000175476074,8.282499313354492,8.643333435058594,8.982916831970215,9.17199993133545,7.788888931274414,8.063333511352539,8.333333015441895,8.688888549804688,8.968667030334473,8.282499313354492,8.982916831970215,8.063333511352539,8.688888549804688
a390,M,Singapore,False,390,619,393.19000244140625,404.1666564941406,416.3699951171875,0.275795042514801,1.2757951021194458,0.7205169628432956,0.24983257055282593,0.10016155088852989,0.45234248788368336,0.3247172859450727,0.12277867528271405,7.706666469573975,8.061666488647461,8.390000343322754,8.759166717529297,9.068833351135254,7.8724446296691895,8.229999542236328,8.612222671508789,8.96500015258789,9.305333137512207,8.061666488647461,8.759166717529297,8.229999542236328,8.96500015258789
a390,M,Washington,False,390,1573,392.20001220703125,401.6333312988281,415.9800109863281,0.311050683259964,1.3110506534576416,0.8232676414494596,0.2895411252975464,0.04450095359186268,0.43293070565797837,0.34265734265734266,0.17991099809281627,7.506999969482422,7.910833358764648,8.289166450500488,8.648333549499512,8.984167098999023,7.6282219886779785,8.05555534362793,8.436666488647461,8.818888664245605,9.169333457946777,7.910833358764648,8.648333549499512,8.05555534362793,8.818888664245605
a420,F,Berlin,True,420,119,421.9933166503906,430.9666748046875,443.4966735839844,0.18014907836914062,1.1801490783691406,0.3445378151260504,0.14002646505832672,0.3949579831932773,0.4957983193277311,0.08403361344537816,0.025210084033613446,8.754000663757324,9.135833740234375,9.439167022705078,9.714166641235352,9.936833381652832,9.100000381469727,9.544445037841797,9.777777671813965,10.025555610656738,10.3304443359375,9.135833740234375,9.714166641235352,9.544445037841797,10.025555610656738
a420,F,Chicago,True,420,537,422.6133117675781,432.51666259765625,446.58001708984375,0.17968979477882385,1.179689884185791,0.2085661080074488,0.14960217475891113,0.2942271880819367,0.6033519553072626,0.07635009310986965,0.0260707635009311,8.864167213439941,9.209166526794434,9.450833320617676,9.666666984558105,9.973000526428223,9.159777641296387,9.468889236450195,9.69444465637207,9.95888900756836,10.263777732849121,9.209166526794434,9.666666984558105,9.468889236450195,9.95888900756836
a420,F,London,True,420,2216,422.125,432.8166809082031,446.3833312988281,0.18721170723438263,1.1872117519378662,0.35694945848375453,0.1533065140247345,0.35153429602888087,0.5121841155234657,0.10288808664259928,0.033393501805054154,8.748332977294922,9.092916488647461,9.41333293914795,9.725208282470703,10.026250839233398,9.051111221313477,9.398332595825195,9.722222328186035,10.046667098999023,10.383888244628906,9.092916488647461,9.725208282470703,9.398332595825195,10.046667098999023
a420,F,New York,True,420,1746,422.1666564941406,431.4916687011719,446.191650390625,0.18910954892635345,1.1891095638275146,0.3865979381443299,0.16477110981941223,0.27491408934707906,0.5767468499427262,0.12256586483390607,0.02577319587628866,8.768750190734863,9.091041564941406,9.382083892822266,9.67854118347168,9.99333381652832,8.982778549194336,9.300277709960938,9.60444450378418,9.890833854675293,10.176111221313477,9.091041564941406,9.67854118347168,9.300277709960938,9.890833854675293
a420,F,Singapore,False,420,113,422.3766784667969,432.7833251953125,445.8133544921875,0.20634183287620544,1.2063417434692383,0.5309734513274337,0.18296131491661072,0.24778761061946902,0.504424778761062,0.23008849557522124,0.017699115044247787,8.577500343322754,8.90666675567627,9.21583366394043,9.72249984741211,10.011500358581543,8.7877779006958,9.077777862548828,9.491110801696777,9.894444465637207,10.258444786071777,8.90666675567627,9.72249984741211,9.077777862548828,9.894444465637207
a420,F,Washington,False,420,338,421.5616760253906,426.7749938964844,441.913330078125,0.26039424538612366,1.2603942155838013,0.8106508875739645,0.24178391695022583,0.05917159763313609,0.5739644970414202,0.29289940828402367,0.07396449704142012,8.43258285522461,8.746458053588867,9.032083511352539,9.257499694824219,9.492499351501465,8.588666915893555,8.89222240447998,9.139999389648438,9.421667098999023,9.698888778686523,8.746458053588867,9.257499694824219,8.89222240447998,9.421667098999023
a420,M,Berlin,True,420,93,421.67999267578125,430.9166564941406,444.8166809082031,0.25446560978889465,1.2544656991958618,0.3548387096774194,0.21587923169136047,0.3655913978494624,0.45161290322580644,0.11827956989247312,0.06451612903225806,8.481999397277832,8.989999771118164,9.316666603088379,9.667499542236328,9.915499687194824,8.724444389343262,9.301111221313477,9.714444160461426,10.022222518920898,10.270000457763672,8.989999771118164,9.667499542236328,9.301111221313477,10.022222518920898
a420,M,Chicago,True,420,171,422.1166687011719,432.8166809082031,446.54998779296875,0.23837065696716309,1.238370656967163,0.43859649122807015,0.20373697578907013,0.22807017543859648,0.4678362573099415,0.19883040935672514,0.10526315789473684,8.296667098999023,8.806249618530273,9.235833168029785,9.578332901000977,9.925833702087402,8.606666564941406,9.055000305175781,9.55222225189209,9.92277717590332,10.228888511657715,8.806249618530273,9.578332901000977,9.055000305175781,9.92277717590332
a420,M,London,True,420,1014,422.3550109863281,432.32501220703125,446.6333312988281,0.26154690980911255,1.2615468502044678,0.5069033530571992,0.21899430453777313,0.21992110453648916,0.5029585798816568,0.1863905325443787,0.09072978303747535,8.282083511352539,8.783124923706055,9.177499771118164,9.548957824707031,9.916749954223633,8.625555038452148,9.144444465637207,9.5272216796875,9.88861083984375,10.251555442810059,8.783124923706055,9.548957824707031,9.144444465637207,9.88861083984375
a420,M,New York,True,420,977,422.05999755859375,432.7166748046875,447.69000244140625,0.24710111320018768,1.2471011877059937,0.5363357215967247,0.21829263865947723,0.1750255885363357,0.49744114636642783,0.22824974411463664,0.0992835209825998,8.312166213989258,8.789166450500488,9.226666450500488,9.584166526794434,9.933667182922363,8.57711124420166,9.04888916015625,9.478888511657715,9.801111221313477,10.110444068908691,8.789166450500488,9.584166526794434,9.04888916015625,9.801111221313477
a420,M,Paris,False,420,31,421.9333190917969,431.01666259765625,448.5666809082031,0.2594335079193115,1.2594335079193115,0.5806451612903226,0.27539217472076416,0.3225806451612903,0.3548387096774194,0.16129032258064516,0.16129032258064516,7.711666584014893,8.576666831970215,9.1899995803833,9.939167022705078,10.300833702087402,6.887777805328369,8.68777847290039,9.457777976989746,9.944999694824219,10.326666831970215,8.576666831970215,9.939167022705078,8.68777847290039,9.944999694824219
a420,M,Singapore,False,420,332,422.0183410644531,431.01666259765625,444.4566650390625,0.280036985874176,1.2800369262695312,0.6837349397590361,0.2483845055103302,0.10240963855421686,0.5271084337349398,0.2319277108433735,0.13855421686746988,8.06433391571045,8.621458053588867,9.044166564941406,9.402291297912598,9.76550006866455,8.23900032043457,8.841943740844727,9.350000381469727,9.7147216796875,9.984110832214355,8.621458053588867,9.402291297912598,8.841943740844727,9.7147216796875
a420,M,Washington,False,420,214,421.288330078125,428.25,441.5716552734375,0.3526362478733063,1.3526362180709839,0.8785046728971962,0.32543566823005676,0.03271028037383177,0.35514018691588783,0.35046728971962615,0.2616822429906542,7.727416515350342,8.299375534057617,8.720832824707031,9.031875610351562,9.402250289916992,7.874333381652832,8.46583366394043,9.008333206176758,9.326666831970215,9.532999992370605,8.299375534057617,9.031875610351562,8.46583366394043,9.326666831970215
a450,F,Chicago,True,450,173,451.72332763671875,462.5333251953125,476.44000244140625,0.1703736037015915,1.1703736782073975,0.18497109826589594,0.1414572149515152,0.4046242774566474,0.4797687861271676,0.08670520231213873,0.028901734104046242,9.440333366394043,9.669166564941406,10.104166984558105,10.450833320617676,10.838833808898926,9.587111473083496,9.972222328186035,10.475555419921875,10.784444808959961,11.165555000305176,9.669166564941406,10.450833320617676,9.972222328186035,10.784444808959961
a450,F,London,True,450,940,452.31500244140625,462.2833251953125,476.2516784667969,0.193174347281456,1.1931743621826172,0.3659574468085106,0.15712641179561615,0.33617021276595743,0.5202127659574468,0.11382978723404255,0.029787234042553193,9.355499267578125,9.680832862854004,10.028749465942383,10.370833396911621,10.710833549499512,9.672222137451172,10.023333549499512,10.380000114440918,10.719722747802734,11.076000213623047,9.680832862854004,10.370833396911621,10.023333549499512,10.719722747802734
a450,F,New York,True,450,522,452.20501708984375,461.3666687011719,478.6050109863281,0.2254537045955658,1.2254537343978882,0.5191570881226054,0.200095534324646,0.1896551724137931,0.5402298850574713,0.2222222222222222,0.04789272030651341,9.155499458312988,9.49020767211914,9.882917404174805,10.256875038146973,10.630416870117188,9.406778335571289,9.784444808959961,10.120555877685547,10.49666690826416,10.873222351074219,9.49020767211914,10.256875038146973,9.784444808959961,10.49666690826416
a450,F,Singapore,False,450,31,450.9333190917969,457.3500061035156,464.6166687011719,0.19525741040706635,1.1952574253082275,0.5806451612903226,0.16519013047218323,0.2903225806451613,0.6129032258064516,0.03225806451612903,0.06451612903225806,9.236666679382324,9.539999961853027,9.796667098999023,10.290416717529297,10.798333168029785,9.545555114746094,9.930000305175781,10.046667098999023,10.625,10.891111373901367,9.539999961853027,10.290416717529297,9.930000305175781,10.625
a450,F,Washington,False,450,35,450.4800109863281,455.7166748046875,463.836669921875,0.26711422204971313,1.267114281654358,0.8285714285714286,0.24396459758281708,0.05714285714285714,0.5428571428571428,0.2857142857142857,0.11428571428571428,8.805167198181152,9.037083625793457,9.651666641235352,9.889583587646484,10.217000007629395,9.013555526733398,9.457777976989746,9.806666374206543,10.063888549804688,10.377333641052246,9.037083625793457,9.889583587646484,9.457777976989746,10.063888549804688
a450,M,Berlin,True,450,30,454.5099792480469,465.7250061035156,475.5083312988281,0.500685453414917,1.5006853342056274,0.5333333333333333,0.4490818977355957,0.13333333333333333,0.5,0.13333333333333333,0.23333333333333334,7.463000297546387,9.025416374206543,9.792083740234375,10.06624984741211,10.25041675567627,7.921666622161865,9.598610877990723,10.188888549804688,10.386388778686523,10.623888969421387,9.025416374206543,10.06624984741211,9.598610877990723,10.386388778686523
a450,M,Chicago,True,450,74,452.6000061035156,464.79998779296875,478.7733154296875,0.28266310691833496,1.282663106918335,0.47297297297297297,0.2380218803882599,0.21621621621621623,0.3918918918918919,0.21621621621621623,0.17567567567567569,8.680749893188477,9.194375038146973,9.626667022705078,10.197500228881836,10.585916519165039,8.876221656799316,9.571666717529297,10.104999542236328,10.525833129882812,10.970000267028809,9.194375038146973,10.197500228881836,9.571666717529297,10.525833129882812
a450,M,London,True,450,419,451.95001220703125,461.9666748046875,476.6000061035156,0.28819629549980164,1.288196325302124,0.5775656324582339,0.2438470721244812,0.2171837708830549,0.4105011933174224,0.24343675417661098,0.1288782816229117,8.633167266845703,9.22541618347168,9.71833324432373,10.170833587646484,10.637666702270508,8.998000144958496,9.62611198425293,10.0600004196167,10.529999732971191,10.933333396911621,9.22541618347168,10.170833587646484,9.62611198425293,10.529999732971191
a450,M,New York,True,450,292,452.1066589355469,462.82501220703125,477.82501220703125,0.25888052582740784,1.2588804960250854,0.5547945205479452,0.2261832058429718,0.18493150684931506,0.4828767123287671,0.2328767123287671,0.09931506849315068,8.8861665725708,9.315000534057617,9.744999885559082,10.238541603088379,10.860583305358887,9.156222343444824,9.632499694824219,10.032221794128418,10.528888702392578,11.008999824523926,9.315000534057617,10.238541603088379,9.632499694824219,10.528888702392578
a450,M,Singapore,False,450,74,451.0516662597656,458.4916687011719,470.06500244140625,0.22935988008975983,1.2293598651885986,0.4864864864864865,0.19084922969341278,0.33783783783783783,0.3783783783783784,0.21621621621621623,0.06756756756756757,8.759750366210938,9.345209121704102,9.858333587646484,10.238332748413086,10.642999649047852,9.217222213745117,9.690555572509766,10.195554733276367,10.570554733276367,10.971555709838867,9.345209121704102,10.238332748413086,9.690555572509766,10.570554733276367
a480,F,Chicago,True,480,81,481.7833251953125,492.6000061035156,506.9166564941406,0.16491925716400146,1.1649192571640015,0.14814814814814814,0.11956124007701874,0.5802469135802469,0.2839506172839506,0.09876543209876543,0.037037037037037035,10.029999732971191,10.52833366394043,10.916666984558105,11.264166831970215,11.571666717529297,10.289999961853027,10.982222557067871,11.359999656677246,11.715555191040039,11.902222633361816,10.52833366394043,11.264166831970215,10.982222557067871,11.715555191040039
a480,F,London,True,480,372,482.51666259765625,490.4666748046875,504.8399963378906,0.1847970187664032,1.1847970485687256,0.3844086021505376,0.15182866156101227,0.3844086021505376,0.46236559139784944,0.10483870967741936,0.04838709677419355,9.88991641998291,10.319791793823242,10.755000114440918,11.09666633605957,11.394166946411133,10.211221694946289,10.683055877685547,11.072221755981445,11.473333358764648,11.79111099243164,10.319791793823242,11.09666633605957,10.683055877685547,11.473333358764648
a480,F,New York,True,480,134,482.4383239746094,494.0333251953125,541.7249755859375,0.21448755264282227,1.2144875526428223,0.5149253731343284,0.1966685652732849,0.2835820895522388,0.41044776119402987,0.23134328358208955,0.07462686567164178,9.670916557312012,10.044166564941406,10.717916488647461,11.212916374206543,11.896333694458008,9.970111846923828,10.336111068725586,10.994444847106934,11.38972282409668,12.275333404541016,10.044166564941406,11.212916374206543,10.336111068725586,11.38972282409668
a480,M,London,True,480,156,481.9333190917969,489.70001220703125,500.20831298828125,0.22856633365154266,1.228566288948059,0.5448717948717948,0.19570298492908478,0.27564102564102566,0.4166666666666667,0.26282051282051283,0.04487179487179487,9.472084045410156,9.920207977294922,10.473749160766602,10.904583930969238,11.40625,9.893888473510742,10.310832977294922,10.78499984741211,11.263055801391602,11.76388931274414,9.920207977294922,10.904583930969238,10.310832977294922,11.263055801391602
a480,M,New York,True,480,99,482.82666015625,497.3999938964844,543.5166625976562,0.2665987014770508,1.2665987014770508,0.5252525252525253,0.23817142844200134,0.29292929292929293,0.40404040404040403,0.16161616161616163,0.1414141414141414,9.190999984741211,9.998749732971191,10.660833358764648,11.355833053588867,12.423333168029785,9.472000122070312,10.303888320922852,10.907777786254883,11.725555419921875,12.260889053344727,9.998749732971191,11.355833053588867,10.303888320922852,11.725555419921875
a510,F,Chicago,True,510,44,513.056640625,528.2916259765625,537.2449951171875,0.16291028261184692,1.1629103422164917,0.09090909090909091,0.11115872114896774,0.6590909090909091,0.25,0.045454545454545456,0.045454545454545456,10.723167419433594,11.170416831970215,11.808333396911621,12.145833015441895,12.324250221252441,11.233111381530762,11.580833435058594,12.286111831665039,12.787776947021484,12.938666343688965,11.170416831970215,12.145833015441895,11.580833435058594,12.787776947021484
a510,F,London,True,510,98,511.13665771484375,519.066650390625,529.2550048828125,0.19459222257137299,1.1945922374725342,0.4897959183673469,0.16231019794940948,0.3673469387755102,0.3877551020408163,0.20408163265306123,0.04081632653061224,10.236583709716797,10.765833854675293,11.276249885559082,11.719374656677246,12.298666954040527,10.708999633789062,11.155277252197266,11.605555534362793,12.018888473510742,12.565221786499023,10.765833854675293,11.719374656677246,11.155277252197266,12.018888473510742
a510,F,New York,True,510,64,511.4566650390625,527.7750244140625,571.046630859375,0.1937938630580902,1.193793773651123,0.40625,0.17407846450805664,0.171875,0.65625,0.140625,0.03125,10.513083457946777,11.105208396911621,11.525833129882812,11.99104118347168,12.378499984741211,10.791889190673828,11.289167404174805,11.699999809265137,12.171667098999023,12.563888549804688,11.105208396911621,11.99104118347168,11.289167404174805,12.171667098999023
a510,M,New York,True,510,34,515.8883056640625,531.808349609375,560.2083129882812,0.23109275102615356,1.231092929840088,0.4117647058823529,0.21117952466011047,0.20588235294117646,0.5882352941176471,0.08823529411764706,0.11764705882352941,10.126667022705078,11.16520881652832,11.485833168029785,11.9506254196167,12.218667030334473,10.380666732788086,11.297778129577637,11.665555953979492,12.033056259155273,12.577889442443848,11.16520881652832,11.9506254196167,11.297778129577637,12.033056259155273
